#
# There is insufficient memory for the Java Runtime Environment to continue.
# Native memory allocation (malloc) failed to allocate 1579264 bytes. Error detail: Chunk::new
# Possible reasons:
#   The system is out of physical RAM or swap space
#   This process is running with CompressedOops enabled, and the Java Heap may be blocking the growth of the native heap
# Possible solutions:
#   Reduce memory load on the system
#   Increase physical memory or swap space
#   Check if swap backing store is full
#   Decrease Java heap size (-Xmx/-Xms)
#   Decrease number of Java threads
#   Decrease Java thread stack sizes (-Xss)
#   Set larger code cache with -XX:ReservedCodeCacheSize=
#   JVM is running with Unscaled Compressed Oops mode in which the Java heap is
#     placed in the first 4GB address space. The Java Heap base address is the
#     maximum limit for the native heap growth. Please use -XX:HeapBaseMinAddress
#     to set the Java Heap base and to place the Java Heap above 4GB virtual address.
# This output file may be truncated or incomplete.
#
#  Out of Memory Error (arena.cpp:168), pid=9564, tid=4016
#
# JRE version: OpenJDK Runtime Environment (21.0.9) (build 21.0.9+-14787801-b1163.94)
# Java VM: OpenJDK 64-Bit Server VM (21.0.9+-14787801-b1163.94, mixed mode, tiered, compressed oops, compressed class ptrs, g1 gc, windows-amd64)
# No core dump will be written. Minidumps are not enabled by default on client versions of Windows
#

---------------  S U M M A R Y ------------

Command Line: --add-opens=java.base/java.lang=ALL-UNNAMED --add-opens=java.base/java.lang.invoke=ALL-UNNAMED --add-opens=java.base/java.util=ALL-UNNAMED --add-opens=java.prefs/java.util.prefs=ALL-UNNAMED --add-exports=jdk.compiler/com.sun.tools.javac.api=ALL-UNNAMED --add-exports=jdk.compiler/com.sun.tools.javac.util=ALL-UNNAMED --add-opens=java.base/java.util=ALL-UNNAMED --add-opens=java.prefs/java.util.prefs=ALL-UNNAMED --add-opens=java.base/java.nio.charset=ALL-UNNAMED --add-opens=java.base/java.net=ALL-UNNAMED --add-opens=java.base/java.util.concurrent=ALL-UNNAMED --add-opens=java.base/java.util.concurrent.atomic=ALL-UNNAMED --add-opens=java.xml/javax.xml.namespace=ALL-UNNAMED --add-opens=java.base/java.time=ALL-UNNAMED -Xmx2048m -Dfile.encoding=UTF-8 -Duser.country=MX -Duser.language=es -Duser.variant -javaagent:C:\Users\Edgardo\.gradle\wrapper\dists\gradle-9.3.1-bin\23ovyewtku6u96viwx3xl3oks\gradle-9.3.1\lib\agents\gradle-instrumentation-agent-9.3.1.jar org.gradle.launcher.daemon.bootstrap.GradleDaemon 9.3.1

Host: Intel(R) Core(TM) i7-8550U CPU @ 1.80GHz, 8 cores, 19G,  Windows 10 , 64 bit Build 19041 (10.0.19041.5915)
Time: Wed May 13 03:08:00 2026 Hora de verano de las Montañas elapsed time: 62.448843 seconds (0d 0h 1m 2s)

---------------  T H R E A D  ---------------

Current thread (0x0000024ee25aeed0):  JavaThread "C2 CompilerThread0" daemon [_thread_in_native, id=4016, stack(0x000000bcfbc00000,0x000000bcfbd00000) (1024K)]


Current CompileTask:
C2:62449 17894   !   4       java.net.URLClassLoader::findClass (47 bytes)

Stack: [0x000000bcfbc00000,0x000000bcfbd00000]
Native frames: (J=compiled Java code, j=interpreted, Vv=VM code, C=native code)
V  [jvm.dll+0x6d6c99]
V  [jvm.dll+0x866b83]
V  [jvm.dll+0x8691ae]
V  [jvm.dll+0x869893]
V  [jvm.dll+0x280776]
V  [jvm.dll+0xc07cd]
V  [jvm.dll+0xc0d03]
V  [jvm.dll+0x3b986b]
V  [jvm.dll+0x1dfac4]
V  [jvm.dll+0x2495b4]
V  [jvm.dll+0x248a31]
V  [jvm.dll+0x1c7344]
V  [jvm.dll+0x2581ae]
V  [jvm.dll+0x2566f6]
V  [jvm.dll+0x3f48a6]
V  [jvm.dll+0x80f118]
V  [jvm.dll+0x6d54ed]
C  [ucrtbase.dll+0x21bb2]
C  [KERNEL32.DLL+0x17374]
C  [ntdll.dll+0x4cc91]


---------------  P R O C E S S  ---------------

Threads class SMR info:
_java_thread_list=0x0000024ef39f2e20, length=95, elements={
0x0000024ecad657e0, 0x0000024ee2577990, 0x0000024ee25c18e0, 0x0000024ee25c2340,
0x0000024ee2590a20, 0x0000024ee2591090, 0x0000024ee25a1c50, 0x0000024ee25a26b0,
0x0000024ee25aeed0, 0x0000024ee25b0590, 0x0000024ee701a4d0, 0x0000024ee8920c70,
0x0000024ee746ebb0, 0x0000024ee879e700, 0x0000024ee87a0e60, 0x0000024ee87a0140,
0x0000024ee879ed90, 0x0000024ee879f420, 0x0000024ee87a07d0, 0x0000024ee87a14f0,
0x0000024ee879e070, 0x0000024eeb270240, 0x0000024eeb276b40, 0x0000024eeb273d50,
0x0000024eeb277860, 0x0000024eeb274a70, 0x0000024eeb2708d0, 0x0000024eeb2729a0,
0x0000024eeb270f60, 0x0000024eeb2736c0, 0x0000024eeb275100, 0x0000024eeb2715f0,
0x0000024eeb272310, 0x0000024eeb273030, 0x0000024eeb275790, 0x0000024eeb275e20,
0x0000024ee94c8bd0, 0x0000024ee94c2ff0, 0x0000024ee94c3d10, 0x0000024ee94c43a0,
0x0000024ee94c4a30, 0x0000024ee94c9260, 0x0000024ee94c7190, 0x0000024ee94c8540,
0x0000024ee94c98f0, 0x0000024ee94c2960, 0x0000024ee94c6b00, 0x0000024ee94c5750,
0x0000024ee94c9f80, 0x0000024ee94c3680, 0x0000024ee94c7eb0, 0x0000024ee94c7820,
0x0000024ee94c50c0, 0x0000024ee94c6470, 0x0000024ee98d6dd0, 0x0000024ee98dc9b0,
0x0000024ee98dbc90, 0x0000024ee98dc320, 0x0000024ee98d60b0, 0x0000024ee98d6740,
0x0000024ee98da250, 0x0000024ee98d8180, 0x0000024ee98d8810, 0x0000024ee98db600,
0x0000024ee98d8ea0, 0x0000024ee98d9530, 0x0000024ee98d9bc0, 0x0000024ee98da8e0,
0x0000024ee98daf70, 0x0000024ee98d5a20, 0x0000024ee98dd040, 0x0000024eec522740,
0x0000024eec523460, 0x0000024eec51f950, 0x0000024eec51ffe0, 0x0000024eec520d00,
0x0000024eec523af0, 0x0000024eec522dd0, 0x0000024eec520670, 0x0000024eec524180,
0x0000024eec524810, 0x0000024eec524ea0, 0x0000024ef3b3d3d0, 0x0000024ef3b40ee0,
0x0000024ef3b3e0f0, 0x0000024ef3b3ee10, 0x0000024ef3b42fb0, 0x0000024ef3b3c6b0,
0x0000024ef3b401c0, 0x0000024ef3b43cd0, 0x0000024ef3b3da60, 0x0000024ef3b3fb30,
0x0000024eed720e10, 0x0000024e98275fc0, 0x0000024e98273010
}

Java Threads: ( => current thread )
  0x0000024ecad657e0 JavaThread "main"                              [_thread_blocked, id=12416, stack(0x000000bcfad00000,0x000000bcfae00000) (1024K)]
  0x0000024ee2577990 JavaThread "Common-Cleaner"             daemon [_thread_blocked, id=14828, stack(0x000000bcfb500000,0x000000bcfb600000) (1024K)]
  0x0000024ee25c18e0 JavaThread "Reference Handler"          daemon [_thread_blocked, id=23232, stack(0x000000bcfb600000,0x000000bcfb700000) (1024K)]
  0x0000024ee25c2340 JavaThread "Finalizer"                  daemon [_thread_blocked, id=11720, stack(0x000000bcfb700000,0x000000bcfb800000) (1024K)]
  0x0000024ee2590a20 JavaThread "Signal Dispatcher"          daemon [_thread_blocked, id=8604, stack(0x000000bcfb800000,0x000000bcfb900000) (1024K)]
  0x0000024ee2591090 JavaThread "Attach Listener"            daemon [_thread_blocked, id=13692, stack(0x000000bcfb900000,0x000000bcfba00000) (1024K)]
  0x0000024ee25a1c50 JavaThread "Service Thread"             daemon [_thread_blocked, id=17168, stack(0x000000bcfba00000,0x000000bcfbb00000) (1024K)]
  0x0000024ee25a26b0 JavaThread "Monitor Deflation Thread"   daemon [_thread_blocked, id=13472, stack(0x000000bcfbb00000,0x000000bcfbc00000) (1024K)]
=>0x0000024ee25aeed0 JavaThread "C2 CompilerThread0"         daemon [_thread_in_native, id=4016, stack(0x000000bcfbc00000,0x000000bcfbd00000) (1024K)]
  0x0000024ee25b0590 JavaThread "C1 CompilerThread0"         daemon [_thread_blocked, id=5556, stack(0x000000bcfbd00000,0x000000bcfbe00000) (1024K)]
  0x0000024ee701a4d0 JavaThread "Notification Thread"        daemon [_thread_blocked, id=280, stack(0x000000bcfbe00000,0x000000bcfbf00000) (1024K)]
  0x0000024ee8920c70 JavaThread "Daemon health stats"               [_thread_blocked, id=8688, stack(0x000000bcfc600000,0x000000bcfc700000) (1024K)]
  0x0000024ee746ebb0 JavaThread "Incoming local TCP Connector on port 55073"        [_thread_in_native, id=13636, stack(0x000000bcfc800000,0x000000bcfc900000) (1024K)]
  0x0000024ee879e700 JavaThread "Daemon periodic checks"            [_thread_blocked, id=10984, stack(0x000000bcfc900000,0x000000bcfca00000) (1024K)]
  0x0000024ee87a0e60 JavaThread "Daemon"                            [_thread_blocked, id=5132, stack(0x000000bcfca00000,0x000000bcfcb00000) (1024K)]
  0x0000024ee87a0140 JavaThread "Handler for socket connection from /127.0.0.1:55073 to /127.0.0.1:55074"        [_thread_in_native, id=17020, stack(0x000000bcfcb00000,0x000000bcfcc00000) (1024K)]
  0x0000024ee879ed90 JavaThread "Cancel handler"                    [_thread_blocked, id=17852, stack(0x000000bcfcc00000,0x000000bcfcd00000) (1024K)]
  0x0000024ee879f420 JavaThread "Daemon worker"                     [_thread_in_Java, id=10136, stack(0x000000bcfcd00000,0x000000bcfce00000) (1024K)]
  0x0000024ee87a07d0 JavaThread "Asynchronous log dispatcher for DefaultDaemonConnection: socket connection from /127.0.0.1:55073 to /127.0.0.1:55074"        [_thread_blocked, id=22420, stack(0x000000bcfd000000,0x000000bcfd100000) (1024K)]
  0x0000024ee87a14f0 JavaThread "Stdin handler"                     [_thread_blocked, id=24320, stack(0x000000bcfd100000,0x000000bcfd200000) (1024K)]
  0x0000024ee879e070 JavaThread "Daemon client event forwarder"        [_thread_blocked, id=19416, stack(0x000000bcfd200000,0x000000bcfd300000) (1024K)]
  0x0000024eeb270240 JavaThread "Cache worker for journal cache (C:\Users\Edgardo\.gradle\caches\journal-1)"        [_thread_blocked, id=18928, stack(0x000000bcfd300000,0x000000bcfd400000) (1024K)]
  0x0000024eeb276b40 JavaThread "File lock request listener"        [_thread_in_native, id=18564, stack(0x000000bcfd400000,0x000000bcfd500000) (1024K)]
  0x0000024eeb273d50 JavaThread "Cache worker for file hash cache (C:\Users\Edgardo\.gradle\caches\9.3.1\fileHashes)"        [_thread_blocked, id=18792, stack(0x000000bcfd500000,0x000000bcfd600000) (1024K)]
  0x0000024eeb277860 JavaThread "Cache worker for file hash cache (C:\Users\Edgardo\Documents\visualize\visualize-android\.gradle\9.3.1\fileHashes)"        [_thread_blocked, id=10936, stack(0x000000bcfd600000,0x000000bcfd700000) (1024K)]
  0x0000024eeb274a70 JavaThread "Cache worker for Build Output Cleanup Cache (C:\Users\Edgardo\Documents\visualize\visualize-android\.gradle\buildOutputCleanup)"        [_thread_blocked, id=752, stack(0x000000bcfd700000,0x000000bcfd800000) (1024K)]
  0x0000024eeb2708d0 JavaThread "File watcher server"        daemon [_thread_in_native, id=20316, stack(0x000000bcfc700000,0x000000bcfc800000) (1024K)]
  0x0000024eeb2729a0 JavaThread "File watcher consumer"      daemon [_thread_blocked, id=14088, stack(0x000000bcfd800000,0x000000bcfd900000) (1024K)]
  0x0000024eeb270f60 JavaThread "jar transforms"                    [_thread_blocked, id=11920, stack(0x000000bcfda00000,0x000000bcfdb00000) (1024K)]
  0x0000024eeb2736c0 JavaThread "jar transforms Thread 2"           [_thread_blocked, id=15104, stack(0x000000bcfdb00000,0x000000bcfdc00000) (1024K)]
  0x0000024eeb275100 JavaThread "jar transforms Thread 3"           [_thread_blocked, id=1760, stack(0x000000bcfdc00000,0x000000bcfdd00000) (1024K)]
  0x0000024eeb2715f0 JavaThread "jar transforms Thread 4"           [_thread_blocked, id=19328, stack(0x000000bcfdd00000,0x000000bcfde00000) (1024K)]
  0x0000024eeb272310 JavaThread "jar transforms Thread 5"           [_thread_blocked, id=24268, stack(0x000000bcfde00000,0x000000bcfdf00000) (1024K)]
  0x0000024eeb273030 JavaThread "jar transforms Thread 6"           [_thread_blocked, id=23360, stack(0x000000bcfdf00000,0x000000bcfe000000) (1024K)]
  0x0000024eeb275790 JavaThread "jar transforms Thread 7"           [_thread_blocked, id=19848, stack(0x000000bcfe000000,0x000000bcfe100000) (1024K)]
  0x0000024eeb275e20 JavaThread "jar transforms Thread 8"           [_thread_blocked, id=18624, stack(0x000000bcfe100000,0x000000bcfe200000) (1024K)]
  0x0000024ee94c8bd0 JavaThread "Cache worker for checksums cache (C:\Users\Edgardo\Documents\visualize\visualize-android\.gradle\9.3.1\checksums)"        [_thread_blocked, id=11996, stack(0x000000bcfd900000,0x000000bcfda00000) (1024K)]
  0x0000024ee94c2ff0 JavaThread "Cache worker for file content cache (C:\Users\Edgardo\.gradle\caches\9.3.1\fileContent)"        [_thread_blocked, id=3472, stack(0x000000bcfe200000,0x000000bcfe300000) (1024K)]
  0x0000024ee94c3d10 JavaThread "Cache worker for cache directory md-supplier (C:\Users\Edgardo\.gradle\caches\9.3.1\md-supplier)"        [_thread_blocked, id=23668, stack(0x000000bcfe300000,0x000000bcfe400000) (1024K)]
  0x0000024ee94c43a0 JavaThread "Cache worker for cache directory md-rule (C:\Users\Edgardo\.gradle\caches\9.3.1\md-rule)"        [_thread_blocked, id=17048, stack(0x000000bcfe400000,0x000000bcfe500000) (1024K)]
  0x0000024ee94c4a30 JavaThread "Unconstrained build operations"        [_thread_blocked, id=17556, stack(0x000000bcfe500000,0x000000bcfe600000) (1024K)]
  0x0000024ee94c9260 JavaThread "Unconstrained build operations Thread 2"        [_thread_blocked, id=3488, stack(0x000000bcfe600000,0x000000bcfe700000) (1024K)]
  0x0000024ee94c7190 JavaThread "Unconstrained build operations Thread 3"        [_thread_blocked, id=21412, stack(0x000000bcfe700000,0x000000bcfe800000) (1024K)]
  0x0000024ee94c8540 JavaThread "Unconstrained build operations Thread 4"        [_thread_blocked, id=18796, stack(0x000000bcfe800000,0x000000bcfe900000) (1024K)]
  0x0000024ee94c98f0 JavaThread "Unconstrained build operations Thread 5"        [_thread_blocked, id=22180, stack(0x000000bcfea00000,0x000000bcfeb00000) (1024K)]
  0x0000024ee94c2960 JavaThread "Unconstrained build operations Thread 6"        [_thread_blocked, id=7724, stack(0x000000bcfeb00000,0x000000bcfec00000) (1024K)]
  0x0000024ee94c6b00 JavaThread "Unconstrained build operations Thread 7"        [_thread_blocked, id=13052, stack(0x000000bcfec00000,0x000000bcfed00000) (1024K)]
  0x0000024ee94c5750 JavaThread "Unconstrained build operations Thread 8"        [_thread_blocked, id=1204, stack(0x000000bcfed00000,0x000000bcfee00000) (1024K)]
  0x0000024ee94c9f80 JavaThread "Unconstrained build operations Thread 9"        [_thread_blocked, id=23492, stack(0x000000bcfee00000,0x000000bcfef00000) (1024K)]
  0x0000024ee94c3680 JavaThread "Unconstrained build operations Thread 10"        [_thread_blocked, id=21884, stack(0x000000bcfef00000,0x000000bcff000000) (1024K)]
  0x0000024ee94c7eb0 JavaThread "Unconstrained build operations Thread 11"        [_thread_blocked, id=4952, stack(0x000000bcff000000,0x000000bcff100000) (1024K)]
  0x0000024ee94c7820 JavaThread "Unconstrained build operations Thread 12"        [_thread_blocked, id=19200, stack(0x000000bcff100000,0x000000bcff200000) (1024K)]
  0x0000024ee94c50c0 JavaThread "Unconstrained build operations Thread 13"        [_thread_blocked, id=17204, stack(0x000000bcff200000,0x000000bcff300000) (1024K)]
  0x0000024ee94c6470 JavaThread "Unconstrained build operations Thread 14"        [_thread_blocked, id=11664, stack(0x000000bcff300000,0x000000bcff400000) (1024K)]
  0x0000024ee98d6dd0 JavaThread "Unconstrained build operations Thread 15"        [_thread_blocked, id=9076, stack(0x000000bcff400000,0x000000bcff500000) (1024K)]
  0x0000024ee98dc9b0 JavaThread "Unconstrained build operations Thread 16"        [_thread_blocked, id=21832, stack(0x000000bcff500000,0x000000bcff600000) (1024K)]
  0x0000024ee98dbc90 JavaThread "Unconstrained build operations Thread 17"        [_thread_blocked, id=15500, stack(0x000000bcff600000,0x000000bcff700000) (1024K)]
  0x0000024ee98dc320 JavaThread "Unconstrained build operations Thread 18"        [_thread_blocked, id=16752, stack(0x000000bcff700000,0x000000bcff800000) (1024K)]
  0x0000024ee98d60b0 JavaThread "Unconstrained build operations Thread 19"        [_thread_blocked, id=10272, stack(0x000000bcff900000,0x000000bcffa00000) (1024K)]
  0x0000024ee98d6740 JavaThread "Unconstrained build operations Thread 20"        [_thread_blocked, id=17044, stack(0x000000bcffa00000,0x000000bcffb00000) (1024K)]
  0x0000024ee98da250 JavaThread "Unconstrained build operations Thread 21"        [_thread_blocked, id=3040, stack(0x000000bcffb00000,0x000000bcffc00000) (1024K)]
  0x0000024ee98d8180 JavaThread "Unconstrained build operations Thread 22"        [_thread_blocked, id=4812, stack(0x000000bcfe900000,0x000000bcfea00000) (1024K)]
  0x0000024ee98d8810 JavaThread "Unconstrained build operations Thread 23"        [_thread_blocked, id=19516, stack(0x000000bcffc00000,0x000000bcffd00000) (1024K)]
  0x0000024ee98db600 JavaThread "Unconstrained build operations Thread 24"        [_thread_blocked, id=8032, stack(0x000000bcffd00000,0x000000bcffe00000) (1024K)]
  0x0000024ee98d8ea0 JavaThread "Unconstrained build operations Thread 25"        [_thread_blocked, id=12364, stack(0x000000bcffe00000,0x000000bcfff00000) (1024K)]
  0x0000024ee98d9530 JavaThread "Unconstrained build operations Thread 26"        [_thread_blocked, id=13536, stack(0x000000bcfff00000,0x000000bd00000000) (1024K)]
  0x0000024ee98d9bc0 JavaThread "Unconstrained build operations Thread 27"        [_thread_blocked, id=10204, stack(0x000000bc80000000,0x000000bc80100000) (1024K)]
  0x0000024ee98da8e0 JavaThread "Unconstrained build operations Thread 28"        [_thread_blocked, id=4224, stack(0x000000bc80100000,0x000000bc80200000) (1024K)]
  0x0000024ee98daf70 JavaThread "Unconstrained build operations Thread 29"        [_thread_blocked, id=7744, stack(0x000000bc80200000,0x000000bc80300000) (1024K)]
  0x0000024ee98d5a20 JavaThread "Unconstrained build operations Thread 30"        [_thread_blocked, id=14460, stack(0x000000bc80300000,0x000000bc80400000) (1024K)]
  0x0000024ee98dd040 JavaThread "Unconstrained build operations Thread 31"        [_thread_blocked, id=10948, stack(0x000000bc80400000,0x000000bc80500000) (1024K)]
  0x0000024eec522740 JavaThread "Unconstrained build operations Thread 32"        [_thread_blocked, id=23952, stack(0x000000bc80500000,0x000000bc80600000) (1024K)]
  0x0000024eec523460 JavaThread "Unconstrained build operations Thread 33"        [_thread_blocked, id=11772, stack(0x000000bc80600000,0x000000bc80700000) (1024K)]
  0x0000024eec51f950 JavaThread "Unconstrained build operations Thread 34"        [_thread_blocked, id=9328, stack(0x000000bc80700000,0x000000bc80800000) (1024K)]
  0x0000024eec51ffe0 JavaThread "Unconstrained build operations Thread 35"        [_thread_blocked, id=18064, stack(0x000000bc80800000,0x000000bc80900000) (1024K)]
  0x0000024eec520d00 JavaThread "Unconstrained build operations Thread 36"        [_thread_blocked, id=2372, stack(0x000000bc80900000,0x000000bc80a00000) (1024K)]
  0x0000024eec523af0 JavaThread "Unconstrained build operations Thread 37"        [_thread_blocked, id=10800, stack(0x000000bc80a00000,0x000000bc80b00000) (1024K)]
  0x0000024eec522dd0 JavaThread "Unconstrained build operations Thread 38"        [_thread_blocked, id=3976, stack(0x000000bc80b00000,0x000000bc80c00000) (1024K)]
  0x0000024eec520670 JavaThread "Unconstrained build operations Thread 39"        [_thread_blocked, id=11012, stack(0x000000bc80c00000,0x000000bc80d00000) (1024K)]
  0x0000024eec524180 JavaThread "Unconstrained build operations Thread 40"        [_thread_blocked, id=15524, stack(0x000000bc80d00000,0x000000bc80e00000) (1024K)]
  0x0000024eec524810 JavaThread "Unconstrained build operations Thread 41"        [_thread_blocked, id=15580, stack(0x000000bc80e00000,0x000000bc80f00000) (1024K)]
  0x0000024eec524ea0 JavaThread "Unconstrained build operations Thread 42"        [_thread_blocked, id=17992, stack(0x000000bc80f00000,0x000000bc81000000) (1024K)]
  0x0000024ef3b3d3d0 JavaThread "Unconstrained build operations Thread 43"        [_thread_blocked, id=16564, stack(0x000000bc81200000,0x000000bc81300000) (1024K)]
  0x0000024ef3b40ee0 JavaThread "Unconstrained build operations Thread 44"        [_thread_blocked, id=19788, stack(0x000000bc81300000,0x000000bc81400000) (1024K)]
  0x0000024ef3b3e0f0 JavaThread "Unconstrained build operations Thread 45"        [_thread_blocked, id=19036, stack(0x000000bc81400000,0x000000bc81500000) (1024K)]
  0x0000024ef3b3ee10 JavaThread "Unconstrained build operations Thread 46"        [_thread_blocked, id=18808, stack(0x000000bc81500000,0x000000bc81600000) (1024K)]
  0x0000024ef3b42fb0 JavaThread "Unconstrained build operations Thread 47"        [_thread_blocked, id=14624, stack(0x000000bc81600000,0x000000bc81700000) (1024K)]
  0x0000024ef3b3c6b0 JavaThread "Unconstrained build operations Thread 48"        [_thread_blocked, id=11460, stack(0x000000bc81700000,0x000000bc81800000) (1024K)]
  0x0000024ef3b401c0 JavaThread "Unconstrained build operations Thread 49"        [_thread_blocked, id=6244, stack(0x000000bc81800000,0x000000bc81900000) (1024K)]
  0x0000024ef3b43cd0 JavaThread "Unconstrained build operations Thread 50"        [_thread_blocked, id=3200, stack(0x000000bc81900000,0x000000bc81a00000) (1024K)]
  0x0000024ef3b3da60 JavaThread "Unconstrained build operations Thread 51"        [_thread_blocked, id=16376, stack(0x000000bc81a00000,0x000000bc81b00000) (1024K)]
  0x0000024ef3b3fb30 JavaThread "Memory manager"                    [_thread_blocked, id=23664, stack(0x000000bc81b00000,0x000000bc81c00000) (1024K)]
  0x0000024eed720e10 JavaThread "Problems report writer"            [_thread_blocked, id=14612, stack(0x000000bc81d00000,0x000000bc81e00000) (1024K)]
  0x0000024e98275fc0 JavaThread "C2 CompilerThread1"         daemon [_thread_in_native, id=17348, stack(0x000000bc81c00000,0x000000bc81d00000) (1024K)]
  0x0000024e98273010 JavaThread "C2 CompilerThread2"         daemon [_thread_in_native, id=20336, stack(0x000000bc81e00000,0x000000bc81f00000) (1024K)]
Total: 95

Other Threads:
  0x0000024ee251d3c0 VMThread "VM Thread"                           [id=17164, stack(0x000000bcfb400000,0x000000bcfb500000) (1024K)]
  0x0000024ee2510b10 WatcherThread "VM Periodic Task Thread"        [id=14372, stack(0x000000bcfb300000,0x000000bcfb400000) (1024K)]
  0x0000024ecadbcf10 WorkerThread "GC Thread#0"                     [id=20920, stack(0x000000bcfae00000,0x000000bcfaf00000) (1024K)]
  0x0000024ee7275e30 WorkerThread "GC Thread#1"                     [id=18420, stack(0x000000bcfc000000,0x000000bcfc100000) (1024K)]
  0x0000024ee72761d0 WorkerThread "GC Thread#2"                     [id=18368, stack(0x000000bcfc100000,0x000000bcfc200000) (1024K)]
  0x0000024ee7276570 WorkerThread "GC Thread#3"                     [id=21720, stack(0x000000bcfc200000,0x000000bcfc300000) (1024K)]
  0x0000024ee7276910 WorkerThread "GC Thread#4"                     [id=12644, stack(0x000000bcfc300000,0x000000bcfc400000) (1024K)]
  0x0000024ee72ae030 WorkerThread "GC Thread#5"                     [id=11124, stack(0x000000bcfc400000,0x000000bcfc500000) (1024K)]
  0x0000024ee72ae3d0 WorkerThread "GC Thread#6"                     [id=22628, stack(0x000000bcfc500000,0x000000bcfc600000) (1024K)]
  0x0000024ee70e0d40 WorkerThread "GC Thread#7"                     [id=17256, stack(0x000000bcfce00000,0x000000bcfcf00000) (1024K)]
  0x0000024ecadcde10 ConcurrentGCThread "G1 Main Marker"            [id=22760, stack(0x000000bcfaf00000,0x000000bcfb000000) (1024K)]
  0x0000024ecadcfe70 WorkerThread "G1 Conc#0"                       [id=24148, stack(0x000000bcfb000000,0x000000bcfb100000) (1024K)]
  0x0000024ee70e09a0 WorkerThread "G1 Conc#1"                       [id=16052, stack(0x000000bcfcf00000,0x000000bcfd000000) (1024K)]
  0x0000024ecae2e480 ConcurrentGCThread "G1 Refine#0"               [id=2996, stack(0x000000bcfb100000,0x000000bcfb200000) (1024K)]
  0x0000024ee2382b00 ConcurrentGCThread "G1 Service"                [id=23028, stack(0x000000bcfb200000,0x000000bcfb300000) (1024K)]
Total: 15

Threads with active compile tasks:
C2 CompilerThread0  62542 17894   !   4       java.net.URLClassLoader::findClass (47 bytes)
C2 CompilerThread1  62543 17879       4       java.lang.invoke.MethodHandleImpl::makePairwiseConvertByEditor (617 bytes)
C2 CompilerThread2  62543 17952   !   4       org.gradle.internal.classloader.VisitableURLClassLoader$InstrumentingVisitableURLClassLoader::findClass (36 bytes)
Total: 3

VM state: not at safepoint (normal execution)

VM Mutex/Monitor currently owned by a thread: None

Heap address: 0x0000000080000000, size: 2048 MB, Compressed Oops mode: 32-bit

CDS archive(s) not mapped
Compressed class space mapped at: 0x0000000100000000-0x0000000140000000, reserved size: 1073741824
Narrow klass base: 0x0000000000000000, Narrow klass shift: 3, Narrow klass range: 0x140000000

GC Precious Log:
 CardTable entry size: 512
 Card Set container configuration: InlinePtr #cards 5 size 8 Array Of Cards #cards 12 size 40 Howl #buckets 4 coarsen threshold 1843 Howl Bitmap #cards 512 size 80 coarsen threshold 460 Card regions per heap region 1 cards per card region 2048
 CPUs: 8 total, 8 available
 Memory: 20385M
 Large Page Support: Disabled
 NUMA Support: Disabled
 Compressed Oops: Enabled (32-bit)
 Heap Region Size: 1M
 Heap Min Capacity: 8M
 Heap Initial Capacity: 320M
 Heap Max Capacity: 2G
 Pre-touch: Disabled
 Parallel Workers: 8
 Concurrent Workers: 2
 Concurrent Refinement Workers: 8
 Periodic GC: Disabled

Heap:
 garbage-first heap   total 380928K, used 263827K [0x0000000080000000, 0x0000000100000000)
  region size 1024K, 46 young (47104K), 9 survivors (9216K)
 Metaspace       used 172414K, committed 174656K, reserved 1245184K
  class space    used 22614K, committed 23680K, reserved 1048576K

Heap Regions: E=young(eden), S=young(survivor), O=old, HS=humongous(starts), HC=humongous(continues), CS=collection set, F=free, TAMS=top-at-mark-start, PB=parsable bottom
|   0|0x0000000080000000, 0x0000000080100000, 0x0000000080100000|100%|HS|  |TAMS 0x0000000080000000| PB 0x0000000080000000| Complete 
|   1|0x0000000080100000, 0x0000000080200000, 0x0000000080200000|100%|HC|  |TAMS 0x0000000080100000| PB 0x0000000080100000| Complete 
|   2|0x0000000080200000, 0x0000000080300000, 0x0000000080300000|100%|HC|  |TAMS 0x0000000080200000| PB 0x0000000080200000| Complete 
|   3|0x0000000080300000, 0x0000000080400000, 0x0000000080400000|100%|HC|  |TAMS 0x0000000080300000| PB 0x0000000080300000| Complete 
|   4|0x0000000080400000, 0x0000000080500000, 0x0000000080500000|100%| O|  |TAMS 0x0000000080400000| PB 0x0000000080400000| Untracked 
|   5|0x0000000080500000, 0x00000000805f4238, 0x0000000080600000| 95%| O|  |TAMS 0x0000000080500000| PB 0x0000000080500000| Untracked 
|   6|0x0000000080600000, 0x0000000080700000, 0x0000000080700000|100%|HS|  |TAMS 0x0000000080600000| PB 0x0000000080600000| Complete 
|   7|0x0000000080700000, 0x0000000080800000, 0x0000000080800000|100%| O|  |TAMS 0x0000000080700000| PB 0x0000000080700000| Untracked 
|   8|0x0000000080800000, 0x0000000080900000, 0x0000000080900000|100%| O|  |TAMS 0x0000000080800000| PB 0x0000000080800000| Untracked 
|   9|0x0000000080900000, 0x0000000080a00000, 0x0000000080a00000|100%| O|  |TAMS 0x0000000080900000| PB 0x0000000080900000| Untracked 
|  10|0x0000000080a00000, 0x0000000080b00000, 0x0000000080b00000|100%| O|  |TAMS 0x0000000080a00000| PB 0x0000000080a00000| Untracked 
|  11|0x0000000080b00000, 0x0000000080c00000, 0x0000000080c00000|100%| O|  |TAMS 0x0000000080b00000| PB 0x0000000080b00000| Untracked 
|  12|0x0000000080c00000, 0x0000000080d00000, 0x0000000080d00000|100%| O|  |TAMS 0x0000000080c00000| PB 0x0000000080c00000| Untracked 
|  13|0x0000000080d00000, 0x0000000080e00000, 0x0000000080e00000|100%| O|  |TAMS 0x0000000080d00000| PB 0x0000000080d00000| Untracked 
|  14|0x0000000080e00000, 0x0000000080f00000, 0x0000000080f00000|100%| O|  |TAMS 0x0000000080e00000| PB 0x0000000080e00000| Untracked 
|  15|0x0000000080f00000, 0x0000000081000000, 0x0000000081000000|100%| O|  |TAMS 0x0000000080f00000| PB 0x0000000080f00000| Untracked 
|  16|0x0000000081000000, 0x0000000081100000, 0x0000000081100000|100%| O|  |TAMS 0x0000000081000000| PB 0x0000000081000000| Untracked 
|  17|0x0000000081100000, 0x0000000081200000, 0x0000000081200000|100%| O|  |TAMS 0x0000000081100000| PB 0x0000000081100000| Untracked 
|  18|0x0000000081200000, 0x0000000081300000, 0x0000000081300000|100%| O|  |TAMS 0x0000000081200000| PB 0x0000000081200000| Untracked 
|  19|0x0000000081300000, 0x0000000081400000, 0x0000000081400000|100%| O|  |TAMS 0x0000000081300000| PB 0x0000000081300000| Untracked 
|  20|0x0000000081400000, 0x0000000081500000, 0x0000000081500000|100%| O|  |TAMS 0x0000000081400000| PB 0x0000000081400000| Untracked 
|  21|0x0000000081500000, 0x0000000081600000, 0x0000000081600000|100%| O|  |TAMS 0x0000000081500000| PB 0x0000000081500000| Untracked 
|  22|0x0000000081600000, 0x0000000081700000, 0x0000000081700000|100%|HS|  |TAMS 0x0000000081600000| PB 0x0000000081600000| Complete 
|  23|0x0000000081700000, 0x0000000081800000, 0x0000000081800000|100%|HC|  |TAMS 0x0000000081700000| PB 0x0000000081700000| Complete 
|  24|0x0000000081800000, 0x0000000081900000, 0x0000000081900000|100%|HC|  |TAMS 0x0000000081800000| PB 0x0000000081800000| Complete 
|  25|0x0000000081900000, 0x0000000081a00000, 0x0000000081a00000|100%|HC|  |TAMS 0x0000000081900000| PB 0x0000000081900000| Complete 
|  26|0x0000000081a00000, 0x0000000081b00000, 0x0000000081b00000|100%|HC|  |TAMS 0x0000000081a00000| PB 0x0000000081a00000| Complete 
|  27|0x0000000081b00000, 0x0000000081c00000, 0x0000000081c00000|100%|HC|  |TAMS 0x0000000081b00000| PB 0x0000000081b00000| Complete 
|  28|0x0000000081c00000, 0x0000000081d00000, 0x0000000081d00000|100%|HS|  |TAMS 0x0000000081c00000| PB 0x0000000081c00000| Complete 
|  29|0x0000000081d00000, 0x0000000081e00000, 0x0000000081e00000|100%|HC|  |TAMS 0x0000000081d00000| PB 0x0000000081d00000| Complete 
|  30|0x0000000081e00000, 0x0000000081f00000, 0x0000000081f00000|100%|HS|  |TAMS 0x0000000081e00000| PB 0x0000000081e00000| Complete 
|  31|0x0000000081f00000, 0x0000000082000000, 0x0000000082000000|100%|HS|  |TAMS 0x0000000081f00000| PB 0x0000000081f00000| Complete 
|  32|0x0000000082000000, 0x0000000082100000, 0x0000000082100000|100%| O|  |TAMS 0x0000000082000000| PB 0x0000000082000000| Untracked 
|  33|0x0000000082100000, 0x0000000082200000, 0x0000000082200000|100%| O|  |TAMS 0x0000000082100000| PB 0x0000000082100000| Untracked 
|  34|0x0000000082200000, 0x0000000082300000, 0x0000000082300000|100%| O|  |TAMS 0x0000000082200000| PB 0x0000000082200000| Untracked 
|  35|0x0000000082300000, 0x0000000082400000, 0x0000000082400000|100%| O|  |TAMS 0x0000000082300000| PB 0x0000000082300000| Untracked 
|  36|0x0000000082400000, 0x0000000082500000, 0x0000000082500000|100%|HS|  |TAMS 0x0000000082400000| PB 0x0000000082400000| Complete 
|  37|0x0000000082500000, 0x0000000082600000, 0x0000000082600000|100%| O|  |TAMS 0x0000000082500000| PB 0x0000000082500000| Untracked 
|  38|0x0000000082600000, 0x0000000082700000, 0x0000000082700000|100%| O|  |TAMS 0x0000000082600000| PB 0x0000000082600000| Untracked 
|  39|0x0000000082700000, 0x0000000082800000, 0x0000000082800000|100%| O|  |TAMS 0x0000000082700000| PB 0x0000000082700000| Untracked 
|  40|0x0000000082800000, 0x0000000082900000, 0x0000000082900000|100%| O|  |TAMS 0x0000000082800000| PB 0x0000000082800000| Untracked 
|  41|0x0000000082900000, 0x0000000082a00000, 0x0000000082a00000|100%| O|  |TAMS 0x0000000082900000| PB 0x0000000082900000| Untracked 
|  42|0x0000000082a00000, 0x0000000082b00000, 0x0000000082b00000|100%| O|  |TAMS 0x0000000082a00000| PB 0x0000000082a00000| Untracked 
|  43|0x0000000082b00000, 0x0000000082c00000, 0x0000000082c00000|100%| O|  |TAMS 0x0000000082b00000| PB 0x0000000082b00000| Untracked 
|  44|0x0000000082c00000, 0x0000000082d00000, 0x0000000082d00000|100%| O|  |TAMS 0x0000000082c00000| PB 0x0000000082c00000| Untracked 
|  45|0x0000000082d00000, 0x0000000082e00000, 0x0000000082e00000|100%|HS|  |TAMS 0x0000000082d00000| PB 0x0000000082d00000| Complete 
|  46|0x0000000082e00000, 0x0000000082f00000, 0x0000000082f00000|100%|HC|  |TAMS 0x0000000082e00000| PB 0x0000000082e00000| Complete 
|  47|0x0000000082f00000, 0x0000000083000000, 0x0000000083000000|100%| O|  |TAMS 0x0000000082f00000| PB 0x0000000082f00000| Untracked 
|  48|0x0000000083000000, 0x0000000083100000, 0x0000000083100000|100%| O|  |TAMS 0x0000000083000000| PB 0x0000000083000000| Untracked 
|  49|0x0000000083100000, 0x0000000083200000, 0x0000000083200000|100%| O|  |TAMS 0x0000000083100000| PB 0x0000000083100000| Untracked 
|  50|0x0000000083200000, 0x0000000083300000, 0x0000000083300000|100%| O|  |TAMS 0x0000000083200000| PB 0x0000000083200000| Untracked 
|  51|0x0000000083300000, 0x0000000083400000, 0x0000000083400000|100%| O|  |TAMS 0x0000000083300000| PB 0x0000000083300000| Untracked 
|  52|0x0000000083400000, 0x0000000083500000, 0x0000000083500000|100%| O|  |TAMS 0x0000000083400000| PB 0x0000000083400000| Untracked 
|  53|0x0000000083500000, 0x0000000083600000, 0x0000000083600000|100%| O|  |TAMS 0x0000000083500000| PB 0x0000000083500000| Untracked 
|  54|0x0000000083600000, 0x0000000083700000, 0x0000000083700000|100%|HS|  |TAMS 0x0000000083600000| PB 0x0000000083600000| Complete 
|  55|0x0000000083700000, 0x0000000083800000, 0x0000000083800000|100%|HC|  |TAMS 0x0000000083700000| PB 0x0000000083700000| Complete 
|  56|0x0000000083800000, 0x0000000083900000, 0x0000000083900000|100%|HC|  |TAMS 0x0000000083800000| PB 0x0000000083800000| Complete 
|  57|0x0000000083900000, 0x0000000083a00000, 0x0000000083a00000|100%|HC|  |TAMS 0x0000000083900000| PB 0x0000000083900000| Complete 
|  58|0x0000000083a00000, 0x0000000083b00000, 0x0000000083b00000|100%|HC|  |TAMS 0x0000000083a00000| PB 0x0000000083a00000| Complete 
|  59|0x0000000083b00000, 0x0000000083c00000, 0x0000000083c00000|100%|HC|  |TAMS 0x0000000083b00000| PB 0x0000000083b00000| Complete 
|  60|0x0000000083c00000, 0x0000000083d00000, 0x0000000083d00000|100%|HS|  |TAMS 0x0000000083c00000| PB 0x0000000083c00000| Complete 
|  61|0x0000000083d00000, 0x0000000083e00000, 0x0000000083e00000|100%|HC|  |TAMS 0x0000000083d00000| PB 0x0000000083d00000| Complete 
|  62|0x0000000083e00000, 0x0000000083f00000, 0x0000000083f00000|100%| O|  |TAMS 0x0000000083e00000| PB 0x0000000083e00000| Untracked 
|  63|0x0000000083f00000, 0x0000000084000000, 0x0000000084000000|100%| O|  |TAMS 0x0000000083f00000| PB 0x0000000083f00000| Untracked 
|  64|0x0000000084000000, 0x0000000084100000, 0x0000000084100000|100%| O|  |TAMS 0x0000000084000000| PB 0x0000000084000000| Untracked 
|  65|0x0000000084100000, 0x0000000084200000, 0x0000000084200000|100%| O|  |TAMS 0x0000000084100000| PB 0x0000000084100000| Untracked 
|  66|0x0000000084200000, 0x0000000084300000, 0x0000000084300000|100%| O|  |TAMS 0x0000000084200000| PB 0x0000000084200000| Untracked 
|  67|0x0000000084300000, 0x0000000084400000, 0x0000000084400000|100%| O|  |TAMS 0x0000000084300000| PB 0x0000000084300000| Untracked 
|  68|0x0000000084400000, 0x0000000084500000, 0x0000000084500000|100%| O|  |TAMS 0x0000000084400000| PB 0x0000000084400000| Untracked 
|  69|0x0000000084500000, 0x0000000084600000, 0x0000000084600000|100%| O|  |TAMS 0x0000000084500000| PB 0x0000000084500000| Untracked 
|  70|0x0000000084600000, 0x0000000084700000, 0x0000000084700000|100%| O|  |TAMS 0x0000000084600000| PB 0x0000000084600000| Untracked 
|  71|0x0000000084700000, 0x0000000084800000, 0x0000000084800000|100%|HS|  |TAMS 0x0000000084700000| PB 0x0000000084700000| Complete 
|  72|0x0000000084800000, 0x0000000084900000, 0x0000000084900000|100%|HS|  |TAMS 0x0000000084800000| PB 0x0000000084800000| Complete 
|  73|0x0000000084900000, 0x0000000084a00000, 0x0000000084a00000|100%| O|  |TAMS 0x0000000084900000| PB 0x0000000084900000| Untracked 
|  74|0x0000000084a00000, 0x0000000084b00000, 0x0000000084b00000|100%| O|  |TAMS 0x0000000084a00000| PB 0x0000000084a00000| Untracked 
|  75|0x0000000084b00000, 0x0000000084c00000, 0x0000000084c00000|100%| O|  |TAMS 0x0000000084b00000| PB 0x0000000084b00000| Untracked 
|  76|0x0000000084c00000, 0x0000000084d00000, 0x0000000084d00000|100%| O|  |TAMS 0x0000000084c00000| PB 0x0000000084c00000| Untracked 
|  77|0x0000000084d00000, 0x0000000084e00000, 0x0000000084e00000|100%| O|  |TAMS 0x0000000084d00000| PB 0x0000000084d00000| Untracked 
|  78|0x0000000084e00000, 0x0000000084f00000, 0x0000000084f00000|100%| O|  |TAMS 0x0000000084e00000| PB 0x0000000084e00000| Untracked 
|  79|0x0000000084f00000, 0x0000000085000000, 0x0000000085000000|100%| O|  |TAMS 0x0000000084f00000| PB 0x0000000084f00000| Untracked 
|  80|0x0000000085000000, 0x0000000085100000, 0x0000000085100000|100%|HS|  |TAMS 0x0000000085000000| PB 0x0000000085000000| Complete 
|  81|0x0000000085100000, 0x0000000085200000, 0x0000000085200000|100%| O|  |TAMS 0x0000000085100000| PB 0x0000000085100000| Untracked 
|  82|0x0000000085200000, 0x0000000085300000, 0x0000000085300000|100%| O|  |TAMS 0x0000000085200000| PB 0x0000000085200000| Untracked 
|  83|0x0000000085300000, 0x0000000085400000, 0x0000000085400000|100%| O|  |TAMS 0x0000000085300000| PB 0x0000000085300000| Untracked 
|  84|0x0000000085400000, 0x0000000085500000, 0x0000000085500000|100%| O|  |TAMS 0x0000000085400000| PB 0x0000000085400000| Untracked 
|  85|0x0000000085500000, 0x0000000085600000, 0x0000000085600000|100%|HS|  |TAMS 0x0000000085500000| PB 0x0000000085500000| Complete 
|  86|0x0000000085600000, 0x0000000085700000, 0x0000000085700000|100%|HC|  |TAMS 0x0000000085600000| PB 0x0000000085600000| Complete 
|  87|0x0000000085700000, 0x0000000085800000, 0x0000000085800000|100%|HS|  |TAMS 0x0000000085700000| PB 0x0000000085700000| Complete 
|  88|0x0000000085800000, 0x0000000085900000, 0x0000000085900000|100%|HC|  |TAMS 0x0000000085800000| PB 0x0000000085800000| Complete 
|  89|0x0000000085900000, 0x0000000085a00000, 0x0000000085a00000|100%| O|  |TAMS 0x0000000085900000| PB 0x0000000085900000| Untracked 
|  90|0x0000000085a00000, 0x0000000085b00000, 0x0000000085b00000|100%| O|Cm|TAMS 0x0000000085a00000| PB 0x0000000085a00000| Complete 
|  91|0x0000000085b00000, 0x0000000085c00000, 0x0000000085c00000|100%| O|  |TAMS 0x0000000085b00000| PB 0x0000000085b00000| Untracked 
|  92|0x0000000085c00000, 0x0000000085d00000, 0x0000000085d00000|100%| O|  |TAMS 0x0000000085c00000| PB 0x0000000085c00000| Untracked 
|  93|0x0000000085d00000, 0x0000000085e00000, 0x0000000085e00000|100%| O|  |TAMS 0x0000000085d00000| PB 0x0000000085d00000| Untracked 
|  94|0x0000000085e00000, 0x0000000085f00000, 0x0000000085f00000|100%| O|  |TAMS 0x0000000085e00000| PB 0x0000000085e00000| Untracked 
|  95|0x0000000085f00000, 0x0000000086000000, 0x0000000086000000|100%| O|  |TAMS 0x0000000085f00000| PB 0x0000000085f00000| Untracked 
|  96|0x0000000086000000, 0x0000000086100000, 0x0000000086100000|100%| O|  |TAMS 0x0000000086000000| PB 0x0000000086000000| Untracked 
|  97|0x0000000086100000, 0x0000000086200000, 0x0000000086200000|100%| O|  |TAMS 0x0000000086100000| PB 0x0000000086100000| Untracked 
|  98|0x0000000086200000, 0x0000000086300000, 0x0000000086300000|100%| O|  |TAMS 0x0000000086200000| PB 0x0000000086200000| Untracked 
|  99|0x0000000086300000, 0x0000000086400000, 0x0000000086400000|100%| O|  |TAMS 0x0000000086300000| PB 0x0000000086300000| Untracked 
| 100|0x0000000086400000, 0x0000000086500000, 0x0000000086500000|100%| O|  |TAMS 0x0000000086400000| PB 0x0000000086400000| Untracked 
| 101|0x0000000086500000, 0x0000000086600000, 0x0000000086600000|100%| O|  |TAMS 0x0000000086500000| PB 0x0000000086500000| Untracked 
| 102|0x0000000086600000, 0x0000000086700000, 0x0000000086700000|100%| O|  |TAMS 0x0000000086600000| PB 0x0000000086600000| Untracked 
| 103|0x0000000086700000, 0x0000000086800000, 0x0000000086800000|100%| O|  |TAMS 0x0000000086700000| PB 0x0000000086700000| Untracked 
| 104|0x0000000086800000, 0x0000000086900000, 0x0000000086900000|100%| O|  |TAMS 0x0000000086800000| PB 0x0000000086800000| Untracked 
| 105|0x0000000086900000, 0x0000000086a00000, 0x0000000086a00000|100%| O|  |TAMS 0x0000000086900000| PB 0x0000000086900000| Untracked 
| 106|0x0000000086a00000, 0x0000000086b00000, 0x0000000086b00000|100%| O|Cm|TAMS 0x0000000086a00000| PB 0x0000000086a00000| Complete 
| 107|0x0000000086b00000, 0x0000000086c00000, 0x0000000086c00000|100%| O|Cm|TAMS 0x0000000086b00000| PB 0x0000000086b00000| Complete 
| 108|0x0000000086c00000, 0x0000000086d00000, 0x0000000086d00000|100%| O|Cm|TAMS 0x0000000086c00000| PB 0x0000000086c00000| Complete 
| 109|0x0000000086d00000, 0x0000000086e00000, 0x0000000086e00000|100%|HS|  |TAMS 0x0000000086d00000| PB 0x0000000086d00000| Complete 
| 110|0x0000000086e00000, 0x0000000086f00000, 0x0000000086f00000|100%| O|  |TAMS 0x0000000086e00000| PB 0x0000000086e00000| Untracked 
| 111|0x0000000086f00000, 0x0000000087000000, 0x0000000087000000|100%| O|  |TAMS 0x0000000086f00000| PB 0x0000000086f00000| Untracked 
| 112|0x0000000087000000, 0x0000000087100000, 0x0000000087100000|100%| O|  |TAMS 0x0000000087000000| PB 0x0000000087000000| Untracked 
| 113|0x0000000087100000, 0x0000000087200000, 0x0000000087200000|100%| O|  |TAMS 0x0000000087100000| PB 0x0000000087100000| Untracked 
| 114|0x0000000087200000, 0x0000000087300000, 0x0000000087300000|100%| O|  |TAMS 0x0000000087200000| PB 0x0000000087200000| Untracked 
| 115|0x0000000087300000, 0x0000000087400000, 0x0000000087400000|100%| O|  |TAMS 0x0000000087300000| PB 0x0000000087300000| Untracked 
| 116|0x0000000087400000, 0x0000000087500000, 0x0000000087500000|100%| O|  |TAMS 0x0000000087400000| PB 0x0000000087400000| Untracked 
| 117|0x0000000087500000, 0x0000000087600000, 0x0000000087600000|100%| O|  |TAMS 0x0000000087500000| PB 0x0000000087500000| Untracked 
| 118|0x0000000087600000, 0x0000000087700000, 0x0000000087700000|100%| O|  |TAMS 0x0000000087600000| PB 0x0000000087600000| Untracked 
| 119|0x0000000087700000, 0x0000000087800000, 0x0000000087800000|100%| O|  |TAMS 0x0000000087700000| PB 0x0000000087700000| Untracked 
| 120|0x0000000087800000, 0x0000000087900000, 0x0000000087900000|100%| O|  |TAMS 0x0000000087800000| PB 0x0000000087800000| Untracked 
| 121|0x0000000087900000, 0x0000000087a00000, 0x0000000087a00000|100%| O|  |TAMS 0x0000000087900000| PB 0x0000000087900000| Untracked 
| 122|0x0000000087a00000, 0x0000000087b00000, 0x0000000087b00000|100%| O|  |TAMS 0x0000000087a00000| PB 0x0000000087a00000| Untracked 
| 123|0x0000000087b00000, 0x0000000087c00000, 0x0000000087c00000|100%| O|  |TAMS 0x0000000087b00000| PB 0x0000000087b00000| Untracked 
| 124|0x0000000087c00000, 0x0000000087d00000, 0x0000000087d00000|100%| O|  |TAMS 0x0000000087c00000| PB 0x0000000087c00000| Untracked 
| 125|0x0000000087d00000, 0x0000000087e00000, 0x0000000087e00000|100%| O|  |TAMS 0x0000000087d00000| PB 0x0000000087d00000| Untracked 
| 126|0x0000000087e00000, 0x0000000087f00000, 0x0000000087f00000|100%| O|  |TAMS 0x0000000087e00000| PB 0x0000000087e00000| Untracked 
| 127|0x0000000087f00000, 0x0000000088000000, 0x0000000088000000|100%| O|  |TAMS 0x0000000087f00000| PB 0x0000000087f00000| Untracked 
| 128|0x0000000088000000, 0x0000000088100000, 0x0000000088100000|100%| O|  |TAMS 0x0000000088000000| PB 0x0000000088000000| Untracked 
| 129|0x0000000088100000, 0x0000000088200000, 0x0000000088200000|100%| O|  |TAMS 0x0000000088100000| PB 0x0000000088100000| Untracked 
| 130|0x0000000088200000, 0x0000000088300000, 0x0000000088300000|100%| O|  |TAMS 0x0000000088200000| PB 0x0000000088200000| Untracked 
| 131|0x0000000088300000, 0x0000000088400000, 0x0000000088400000|100%| O|  |TAMS 0x0000000088300000| PB 0x0000000088300000| Untracked 
| 132|0x0000000088400000, 0x0000000088500000, 0x0000000088500000|100%| O|  |TAMS 0x0000000088400000| PB 0x0000000088400000| Untracked 
| 133|0x0000000088500000, 0x0000000088600000, 0x0000000088600000|100%| O|  |TAMS 0x0000000088500000| PB 0x0000000088500000| Untracked 
| 134|0x0000000088600000, 0x0000000088700000, 0x0000000088700000|100%| O|  |TAMS 0x0000000088600000| PB 0x0000000088600000| Untracked 
| 135|0x0000000088700000, 0x0000000088800000, 0x0000000088800000|100%| O|  |TAMS 0x0000000088700000| PB 0x0000000088700000| Untracked 
| 136|0x0000000088800000, 0x000000008886f0b8, 0x0000000088900000| 43%| O|  |TAMS 0x0000000088800000| PB 0x0000000088800000| Untracked 
| 137|0x0000000088900000, 0x0000000088900000, 0x0000000088a00000|  0%| F|  |TAMS 0x0000000088900000| PB 0x0000000088900000| Untracked 
| 138|0x0000000088a00000, 0x0000000088a00000, 0x0000000088b00000|  0%| F|  |TAMS 0x0000000088a00000| PB 0x0000000088a00000| Untracked 
| 139|0x0000000088b00000, 0x0000000088b00000, 0x0000000088c00000|  0%| F|  |TAMS 0x0000000088b00000| PB 0x0000000088b00000| Untracked 
| 140|0x0000000088c00000, 0x0000000088d00000, 0x0000000088d00000|100%| O|  |TAMS 0x0000000088c00000| PB 0x0000000088c00000| Untracked 
| 141|0x0000000088d00000, 0x0000000088e00000, 0x0000000088e00000|100%| O|  |TAMS 0x0000000088d00000| PB 0x0000000088d00000| Untracked 
| 142|0x0000000088e00000, 0x0000000088e00000, 0x0000000088f00000|  0%| F|  |TAMS 0x0000000088e00000| PB 0x0000000088e00000| Untracked 
| 143|0x0000000088f00000, 0x0000000089000000, 0x0000000089000000|100%| O|  |TAMS 0x0000000088f00000| PB 0x0000000088f00000| Untracked 
| 144|0x0000000089000000, 0x0000000089100000, 0x0000000089100000|100%| O|  |TAMS 0x0000000089000000| PB 0x0000000089000000| Untracked 
| 145|0x0000000089100000, 0x0000000089200000, 0x0000000089200000|100%| O|  |TAMS 0x0000000089100000| PB 0x0000000089100000| Untracked 
| 146|0x0000000089200000, 0x0000000089200000, 0x0000000089300000|  0%| F|  |TAMS 0x0000000089200000| PB 0x0000000089200000| Untracked 
| 147|0x0000000089300000, 0x0000000089400000, 0x0000000089400000|100%| O|  |TAMS 0x0000000089300000| PB 0x0000000089300000| Untracked 
| 148|0x0000000089400000, 0x0000000089400000, 0x0000000089500000|  0%| F|  |TAMS 0x0000000089400000| PB 0x0000000089400000| Untracked 
| 149|0x0000000089500000, 0x0000000089600000, 0x0000000089600000|100%| O|  |TAMS 0x0000000089500000| PB 0x0000000089500000| Untracked 
| 150|0x0000000089600000, 0x0000000089700000, 0x0000000089700000|100%| O|  |TAMS 0x0000000089600000| PB 0x0000000089600000| Untracked 
| 151|0x0000000089700000, 0x0000000089800000, 0x0000000089800000|100%| O|  |TAMS 0x0000000089700000| PB 0x0000000089700000| Untracked 
| 152|0x0000000089800000, 0x0000000089800000, 0x0000000089900000|  0%| F|  |TAMS 0x0000000089800000| PB 0x0000000089800000| Untracked 
| 153|0x0000000089900000, 0x0000000089a00000, 0x0000000089a00000|100%| O|  |TAMS 0x0000000089900000| PB 0x0000000089900000| Untracked 
| 154|0x0000000089a00000, 0x0000000089b00000, 0x0000000089b00000|100%| O|  |TAMS 0x0000000089a00000| PB 0x0000000089a00000| Untracked 
| 155|0x0000000089b00000, 0x0000000089b00000, 0x0000000089c00000|  0%| F|  |TAMS 0x0000000089b00000| PB 0x0000000089b00000| Untracked 
| 156|0x0000000089c00000, 0x0000000089d00000, 0x0000000089d00000|100%| O|  |TAMS 0x0000000089c00000| PB 0x0000000089c00000| Untracked 
| 157|0x0000000089d00000, 0x0000000089e00000, 0x0000000089e00000|100%| O|  |TAMS 0x0000000089d00000| PB 0x0000000089d00000| Untracked 
| 158|0x0000000089e00000, 0x0000000089e00000, 0x0000000089f00000|  0%| F|  |TAMS 0x0000000089e00000| PB 0x0000000089e00000| Untracked 
| 159|0x0000000089f00000, 0x0000000089f00000, 0x000000008a000000|  0%| F|  |TAMS 0x0000000089f00000| PB 0x0000000089f00000| Untracked 
| 160|0x000000008a000000, 0x000000008a000000, 0x000000008a100000|  0%| F|  |TAMS 0x000000008a000000| PB 0x000000008a000000| Untracked 
| 161|0x000000008a100000, 0x000000008a200000, 0x000000008a200000|100%| O|  |TAMS 0x000000008a100000| PB 0x000000008a100000| Untracked 
| 162|0x000000008a200000, 0x000000008a200000, 0x000000008a300000|  0%| F|  |TAMS 0x000000008a200000| PB 0x000000008a200000| Untracked 
| 163|0x000000008a300000, 0x000000008a400000, 0x000000008a400000|100%| O|  |TAMS 0x000000008a300000| PB 0x000000008a300000| Untracked 
| 164|0x000000008a400000, 0x000000008a500000, 0x000000008a500000|100%| O|  |TAMS 0x000000008a400000| PB 0x000000008a400000| Untracked 
| 165|0x000000008a500000, 0x000000008a600000, 0x000000008a600000|100%| O|  |TAMS 0x000000008a500000| PB 0x000000008a500000| Untracked 
| 166|0x000000008a600000, 0x000000008a700000, 0x000000008a700000|100%| O|  |TAMS 0x000000008a600000| PB 0x000000008a600000| Untracked 
| 167|0x000000008a700000, 0x000000008a800000, 0x000000008a800000|100%| O|  |TAMS 0x000000008a700000| PB 0x000000008a700000| Untracked 
| 168|0x000000008a800000, 0x000000008a900000, 0x000000008a900000|100%|HS|  |TAMS 0x000000008a800000| PB 0x000000008a800000| Complete 
| 169|0x000000008a900000, 0x000000008aa00000, 0x000000008aa00000|100%|HS|  |TAMS 0x000000008a900000| PB 0x000000008a900000| Complete 
| 170|0x000000008aa00000, 0x000000008ab00000, 0x000000008ab00000|100%| O|  |TAMS 0x000000008aa00000| PB 0x000000008aa00000| Untracked 
| 171|0x000000008ab00000, 0x000000008ac00000, 0x000000008ac00000|100%| O|  |TAMS 0x000000008ab00000| PB 0x000000008ab00000| Untracked 
| 172|0x000000008ac00000, 0x000000008ad00000, 0x000000008ad00000|100%| O|  |TAMS 0x000000008ac00000| PB 0x000000008ac00000| Untracked 
| 173|0x000000008ad00000, 0x000000008ae00000, 0x000000008ae00000|100%| O|  |TAMS 0x000000008ad00000| PB 0x000000008ad00000| Untracked 
| 174|0x000000008ae00000, 0x000000008af00000, 0x000000008af00000|100%| O|  |TAMS 0x000000008ae00000| PB 0x000000008ae00000| Untracked 
| 175|0x000000008af00000, 0x000000008b000000, 0x000000008b000000|100%| O|Cm|TAMS 0x000000008af00000| PB 0x000000008af00000| Complete 
| 176|0x000000008b000000, 0x000000008b100000, 0x000000008b100000|100%|HS|  |TAMS 0x000000008b000000| PB 0x000000008b000000| Complete 
| 177|0x000000008b100000, 0x000000008b200000, 0x000000008b200000|100%| O|  |TAMS 0x000000008b100000| PB 0x000000008b100000| Untracked 
| 178|0x000000008b200000, 0x000000008b300000, 0x000000008b300000|100%| O|Cm|TAMS 0x000000008b200000| PB 0x000000008b200000| Complete 
| 179|0x000000008b300000, 0x000000008b400000, 0x000000008b400000|100%| O|  |TAMS 0x000000008b300000| PB 0x000000008b300000| Untracked 
| 180|0x000000008b400000, 0x000000008b500000, 0x000000008b500000|100%| O|  |TAMS 0x000000008b400000| PB 0x000000008b400000| Untracked 
| 181|0x000000008b500000, 0x000000008b600000, 0x000000008b600000|100%| O|  |TAMS 0x000000008b500000| PB 0x000000008b500000| Untracked 
| 182|0x000000008b600000, 0x000000008b700000, 0x000000008b700000|100%| O|  |TAMS 0x000000008b600000| PB 0x000000008b600000| Untracked 
| 183|0x000000008b700000, 0x000000008b800000, 0x000000008b800000|100%| O|  |TAMS 0x000000008b700000| PB 0x000000008b700000| Untracked 
| 184|0x000000008b800000, 0x000000008b900000, 0x000000008b900000|100%| O|  |TAMS 0x000000008b800000| PB 0x000000008b800000| Untracked 
| 185|0x000000008b900000, 0x000000008ba00000, 0x000000008ba00000|100%| O|  |TAMS 0x000000008b900000| PB 0x000000008b900000| Untracked 
| 186|0x000000008ba00000, 0x000000008bb00000, 0x000000008bb00000|100%| O|  |TAMS 0x000000008ba00000| PB 0x000000008ba00000| Untracked 
| 187|0x000000008bb00000, 0x000000008bc00000, 0x000000008bc00000|100%| O|  |TAMS 0x000000008bb00000| PB 0x000000008bb00000| Untracked 
| 188|0x000000008bc00000, 0x000000008bd00000, 0x000000008bd00000|100%| O|  |TAMS 0x000000008bc00000| PB 0x000000008bc00000| Untracked 
| 189|0x000000008bd00000, 0x000000008be00000, 0x000000008be00000|100%| O|  |TAMS 0x000000008bd00000| PB 0x000000008bd00000| Untracked 
| 190|0x000000008be00000, 0x000000008bf00000, 0x000000008bf00000|100%| O|  |TAMS 0x000000008be00000| PB 0x000000008be00000| Untracked 
| 191|0x000000008bf00000, 0x000000008c000000, 0x000000008c000000|100%| O|  |TAMS 0x000000008bf00000| PB 0x000000008bf00000| Untracked 
| 192|0x000000008c000000, 0x000000008c000000, 0x000000008c100000|  0%| F|  |TAMS 0x000000008c000000| PB 0x000000008c000000| Untracked 
| 193|0x000000008c100000, 0x000000008c100000, 0x000000008c200000|  0%| F|  |TAMS 0x000000008c100000| PB 0x000000008c100000| Untracked 
| 194|0x000000008c200000, 0x000000008c300000, 0x000000008c300000|100%| O|  |TAMS 0x000000008c200000| PB 0x000000008c200000| Untracked 
| 195|0x000000008c300000, 0x000000008c400000, 0x000000008c400000|100%| O|  |TAMS 0x000000008c300000| PB 0x000000008c300000| Untracked 
| 196|0x000000008c400000, 0x000000008c500000, 0x000000008c500000|100%|HS|  |TAMS 0x000000008c400000| PB 0x000000008c400000| Complete 
| 197|0x000000008c500000, 0x000000008c600000, 0x000000008c600000|100%| O|  |TAMS 0x000000008c500000| PB 0x000000008c500000| Untracked 
| 198|0x000000008c600000, 0x000000008c700000, 0x000000008c700000|100%| O|  |TAMS 0x000000008c600000| PB 0x000000008c600000| Untracked 
| 199|0x000000008c700000, 0x000000008c800000, 0x000000008c800000|100%| O|  |TAMS 0x000000008c700000| PB 0x000000008c700000| Untracked 
| 200|0x000000008c800000, 0x000000008c900000, 0x000000008c900000|100%| O|  |TAMS 0x000000008c800000| PB 0x000000008c800000| Untracked 
| 201|0x000000008c900000, 0x000000008ca00000, 0x000000008ca00000|100%| O|  |TAMS 0x000000008c900000| PB 0x000000008c900000| Untracked 
| 202|0x000000008ca00000, 0x000000008cb00000, 0x000000008cb00000|100%| O|Cm|TAMS 0x000000008ca00000| PB 0x000000008ca00000| Complete 
| 203|0x000000008cb00000, 0x000000008cc00000, 0x000000008cc00000|100%| O|  |TAMS 0x000000008cb00000| PB 0x000000008cb00000| Untracked 
| 204|0x000000008cc00000, 0x000000008cc00000, 0x000000008cd00000|  0%| F|  |TAMS 0x000000008cc00000| PB 0x000000008cc00000| Untracked 
| 205|0x000000008cd00000, 0x000000008cd00000, 0x000000008ce00000|  0%| F|  |TAMS 0x000000008cd00000| PB 0x000000008cd00000| Untracked 
| 206|0x000000008ce00000, 0x000000008ce00000, 0x000000008cf00000|  0%| F|  |TAMS 0x000000008ce00000| PB 0x000000008ce00000| Untracked 
| 207|0x000000008cf00000, 0x000000008cf00000, 0x000000008d000000|  0%| F|  |TAMS 0x000000008cf00000| PB 0x000000008cf00000| Untracked 
| 208|0x000000008d000000, 0x000000008d000000, 0x000000008d100000|  0%| F|  |TAMS 0x000000008d000000| PB 0x000000008d000000| Untracked 
| 209|0x000000008d100000, 0x000000008d200000, 0x000000008d200000|100%| O|  |TAMS 0x000000008d100000| PB 0x000000008d100000| Untracked 
| 210|0x000000008d200000, 0x000000008d300000, 0x000000008d300000|100%| O|  |TAMS 0x000000008d200000| PB 0x000000008d200000| Untracked 
| 211|0x000000008d300000, 0x000000008d400000, 0x000000008d400000|100%| O|  |TAMS 0x000000008d300000| PB 0x000000008d300000| Untracked 
| 212|0x000000008d400000, 0x000000008d500000, 0x000000008d500000|100%| O|  |TAMS 0x000000008d400000| PB 0x000000008d400000| Untracked 
| 213|0x000000008d500000, 0x000000008d600000, 0x000000008d600000|100%| O|  |TAMS 0x000000008d500000| PB 0x000000008d500000| Untracked 
| 214|0x000000008d600000, 0x000000008d700000, 0x000000008d700000|100%| O|  |TAMS 0x000000008d600000| PB 0x000000008d600000| Untracked 
| 215|0x000000008d700000, 0x000000008d800000, 0x000000008d800000|100%| O|  |TAMS 0x000000008d700000| PB 0x000000008d700000| Untracked 
| 216|0x000000008d800000, 0x000000008d900000, 0x000000008d900000|100%| O|  |TAMS 0x000000008d800000| PB 0x000000008d800000| Untracked 
| 217|0x000000008d900000, 0x000000008da00000, 0x000000008da00000|100%| O|  |TAMS 0x000000008d900000| PB 0x000000008d900000| Untracked 
| 218|0x000000008da00000, 0x000000008db00000, 0x000000008db00000|100%| O|  |TAMS 0x000000008da00000| PB 0x000000008da00000| Untracked 
| 219|0x000000008db00000, 0x000000008dc00000, 0x000000008dc00000|100%| O|  |TAMS 0x000000008db00000| PB 0x000000008db00000| Untracked 
| 220|0x000000008dc00000, 0x000000008dd00000, 0x000000008dd00000|100%| O|  |TAMS 0x000000008dc00000| PB 0x000000008dc00000| Untracked 
| 221|0x000000008dd00000, 0x000000008de00000, 0x000000008de00000|100%| O|  |TAMS 0x000000008dd00000| PB 0x000000008dd00000| Untracked 
| 222|0x000000008de00000, 0x000000008df00000, 0x000000008df00000|100%| O|  |TAMS 0x000000008de00000| PB 0x000000008de00000| Untracked 
| 223|0x000000008df00000, 0x000000008e000000, 0x000000008e000000|100%| O|  |TAMS 0x000000008df00000| PB 0x000000008df00000| Untracked 
| 224|0x000000008e000000, 0x000000008e100000, 0x000000008e100000|100%| O|  |TAMS 0x000000008e000000| PB 0x000000008e000000| Untracked 
| 225|0x000000008e100000, 0x000000008e200000, 0x000000008e200000|100%| O|  |TAMS 0x000000008e100000| PB 0x000000008e100000| Untracked 
| 226|0x000000008e200000, 0x000000008e200000, 0x000000008e300000|  0%| F|  |TAMS 0x000000008e200000| PB 0x000000008e200000| Untracked 
| 227|0x000000008e300000, 0x000000008e300000, 0x000000008e400000|  0%| F|  |TAMS 0x000000008e300000| PB 0x000000008e300000| Untracked 
| 228|0x000000008e400000, 0x000000008e400000, 0x000000008e500000|  0%| F|  |TAMS 0x000000008e400000| PB 0x000000008e400000| Untracked 
| 229|0x000000008e500000, 0x000000008e500000, 0x000000008e600000|  0%| F|  |TAMS 0x000000008e500000| PB 0x000000008e500000| Untracked 
| 230|0x000000008e600000, 0x000000008e600000, 0x000000008e700000|  0%| F|  |TAMS 0x000000008e600000| PB 0x000000008e600000| Untracked 
| 231|0x000000008e700000, 0x000000008e700000, 0x000000008e800000|  0%| F|  |TAMS 0x000000008e700000| PB 0x000000008e700000| Untracked 
| 232|0x000000008e800000, 0x000000008e800000, 0x000000008e900000|  0%| F|  |TAMS 0x000000008e800000| PB 0x000000008e800000| Untracked 
| 233|0x000000008e900000, 0x000000008e900000, 0x000000008ea00000|  0%| F|  |TAMS 0x000000008e900000| PB 0x000000008e900000| Untracked 
| 234|0x000000008ea00000, 0x000000008ea00000, 0x000000008eb00000|  0%| F|  |TAMS 0x000000008ea00000| PB 0x000000008ea00000| Untracked 
| 235|0x000000008eb00000, 0x000000008eb00000, 0x000000008ec00000|  0%| F|  |TAMS 0x000000008eb00000| PB 0x000000008eb00000| Untracked 
| 236|0x000000008ec00000, 0x000000008ec00000, 0x000000008ed00000|  0%| F|  |TAMS 0x000000008ec00000| PB 0x000000008ec00000| Untracked 
| 237|0x000000008ed00000, 0x000000008ed41ca0, 0x000000008ee00000| 25%| S|CS|TAMS 0x000000008ed00000| PB 0x000000008ed00000| Complete 
| 238|0x000000008ee00000, 0x000000008ef00000, 0x000000008ef00000|100%| S|CS|TAMS 0x000000008ee00000| PB 0x000000008ee00000| Complete 
| 239|0x000000008ef00000, 0x000000008ef00000, 0x000000008f000000|  0%| F|  |TAMS 0x000000008ef00000| PB 0x000000008ef00000| Untracked 
| 240|0x000000008f000000, 0x000000008f000000, 0x000000008f100000|  0%| F|  |TAMS 0x000000008f000000| PB 0x000000008f000000| Untracked 
| 241|0x000000008f100000, 0x000000008f100000, 0x000000008f200000|  0%| F|  |TAMS 0x000000008f100000| PB 0x000000008f100000| Untracked 
| 242|0x000000008f200000, 0x000000008f200000, 0x000000008f300000|  0%| F|  |TAMS 0x000000008f200000| PB 0x000000008f200000| Untracked 
| 243|0x000000008f300000, 0x000000008f300000, 0x000000008f400000|  0%| F|  |TAMS 0x000000008f300000| PB 0x000000008f300000| Untracked 
| 244|0x000000008f400000, 0x000000008f400000, 0x000000008f500000|  0%| F|  |TAMS 0x000000008f400000| PB 0x000000008f400000| Untracked 
| 245|0x000000008f500000, 0x000000008f500000, 0x000000008f600000|  0%| F|  |TAMS 0x000000008f500000| PB 0x000000008f500000| Untracked 
| 246|0x000000008f600000, 0x000000008f600000, 0x000000008f700000|  0%| F|  |TAMS 0x000000008f600000| PB 0x000000008f600000| Untracked 
| 247|0x000000008f700000, 0x000000008f700000, 0x000000008f800000|  0%| F|  |TAMS 0x000000008f700000| PB 0x000000008f700000| Untracked 
| 248|0x000000008f800000, 0x000000008f800000, 0x000000008f900000|  0%| F|  |TAMS 0x000000008f800000| PB 0x000000008f800000| Untracked 
| 249|0x000000008f900000, 0x000000008f900000, 0x000000008fa00000|  0%| F|  |TAMS 0x000000008f900000| PB 0x000000008f900000| Untracked 
| 250|0x000000008fa00000, 0x000000008fb00000, 0x000000008fb00000|100%| S|CS|TAMS 0x000000008fa00000| PB 0x000000008fa00000| Complete 
| 251|0x000000008fb00000, 0x000000008fc00000, 0x000000008fc00000|100%| S|CS|TAMS 0x000000008fb00000| PB 0x000000008fb00000| Complete 
| 252|0x000000008fc00000, 0x000000008fd00000, 0x000000008fd00000|100%| S|CS|TAMS 0x000000008fc00000| PB 0x000000008fc00000| Complete 
| 253|0x000000008fd00000, 0x000000008fe00000, 0x000000008fe00000|100%| S|CS|TAMS 0x000000008fd00000| PB 0x000000008fd00000| Complete 
| 254|0x000000008fe00000, 0x000000008ff00000, 0x000000008ff00000|100%| S|CS|TAMS 0x000000008fe00000| PB 0x000000008fe00000| Complete 
| 255|0x000000008ff00000, 0x0000000090000000, 0x0000000090000000|100%| S|CS|TAMS 0x000000008ff00000| PB 0x000000008ff00000| Complete 
| 256|0x0000000090000000, 0x0000000090100000, 0x0000000090100000|100%| S|CS|TAMS 0x0000000090000000| PB 0x0000000090000000| Complete 
| 257|0x0000000090100000, 0x0000000090100000, 0x0000000090200000|  0%| F|  |TAMS 0x0000000090100000| PB 0x0000000090100000| Untracked 
| 258|0x0000000090200000, 0x0000000090200000, 0x0000000090300000|  0%| F|  |TAMS 0x0000000090200000| PB 0x0000000090200000| Untracked 
| 259|0x0000000090300000, 0x0000000090300000, 0x0000000090400000|  0%| F|  |TAMS 0x0000000090300000| PB 0x0000000090300000| Untracked 
| 260|0x0000000090400000, 0x0000000090400000, 0x0000000090500000|  0%| F|  |TAMS 0x0000000090400000| PB 0x0000000090400000| Untracked 
| 261|0x0000000090500000, 0x0000000090500000, 0x0000000090600000|  0%| F|  |TAMS 0x0000000090500000| PB 0x0000000090500000| Untracked 
| 262|0x0000000090600000, 0x0000000090600000, 0x0000000090700000|  0%| F|  |TAMS 0x0000000090600000| PB 0x0000000090600000| Untracked 
| 263|0x0000000090700000, 0x0000000090700000, 0x0000000090800000|  0%| F|  |TAMS 0x0000000090700000| PB 0x0000000090700000| Untracked 
| 264|0x0000000090800000, 0x0000000090800000, 0x0000000090900000|  0%| F|  |TAMS 0x0000000090800000| PB 0x0000000090800000| Untracked 
| 265|0x0000000090900000, 0x0000000090900000, 0x0000000090a00000|  0%| F|  |TAMS 0x0000000090900000| PB 0x0000000090900000| Untracked 
| 266|0x0000000090a00000, 0x0000000090a00000, 0x0000000090b00000|  0%| F|  |TAMS 0x0000000090a00000| PB 0x0000000090a00000| Untracked 
| 267|0x0000000090b00000, 0x0000000090b00000, 0x0000000090c00000|  0%| F|  |TAMS 0x0000000090b00000| PB 0x0000000090b00000| Untracked 
| 268|0x0000000090c00000, 0x0000000090c00000, 0x0000000090d00000|  0%| F|  |TAMS 0x0000000090c00000| PB 0x0000000090c00000| Untracked 
| 269|0x0000000090d00000, 0x0000000090d00000, 0x0000000090e00000|  0%| F|  |TAMS 0x0000000090d00000| PB 0x0000000090d00000| Untracked 
| 270|0x0000000090e00000, 0x0000000090e00000, 0x0000000090f00000|  0%| F|  |TAMS 0x0000000090e00000| PB 0x0000000090e00000| Untracked 
| 271|0x0000000090f00000, 0x0000000090f00000, 0x0000000091000000|  0%| F|  |TAMS 0x0000000090f00000| PB 0x0000000090f00000| Untracked 
| 272|0x0000000091000000, 0x0000000091000000, 0x0000000091100000|  0%| F|  |TAMS 0x0000000091000000| PB 0x0000000091000000| Untracked 
| 273|0x0000000091100000, 0x0000000091100000, 0x0000000091200000|  0%| F|  |TAMS 0x0000000091100000| PB 0x0000000091100000| Untracked 
| 274|0x0000000091200000, 0x0000000091200000, 0x0000000091300000|  0%| F|  |TAMS 0x0000000091200000| PB 0x0000000091200000| Untracked 
| 275|0x0000000091300000, 0x0000000091300000, 0x0000000091400000|  0%| F|  |TAMS 0x0000000091300000| PB 0x0000000091300000| Untracked 
| 276|0x0000000091400000, 0x0000000091400000, 0x0000000091500000|  0%| F|  |TAMS 0x0000000091400000| PB 0x0000000091400000| Untracked 
| 277|0x0000000091500000, 0x0000000091500000, 0x0000000091600000|  0%| F|  |TAMS 0x0000000091500000| PB 0x0000000091500000| Untracked 
| 278|0x0000000091600000, 0x0000000091600000, 0x0000000091700000|  0%| F|  |TAMS 0x0000000091600000| PB 0x0000000091600000| Untracked 
| 279|0x0000000091700000, 0x0000000091700000, 0x0000000091800000|  0%| F|  |TAMS 0x0000000091700000| PB 0x0000000091700000| Untracked 
| 280|0x0000000091800000, 0x0000000091800000, 0x0000000091900000|  0%| F|  |TAMS 0x0000000091800000| PB 0x0000000091800000| Untracked 
| 281|0x0000000091900000, 0x0000000091900000, 0x0000000091a00000|  0%| F|  |TAMS 0x0000000091900000| PB 0x0000000091900000| Untracked 
| 282|0x0000000091a00000, 0x0000000091a00000, 0x0000000091b00000|  0%| F|  |TAMS 0x0000000091a00000| PB 0x0000000091a00000| Untracked 
| 283|0x0000000091b00000, 0x0000000091b00000, 0x0000000091c00000|  0%| F|  |TAMS 0x0000000091b00000| PB 0x0000000091b00000| Untracked 
| 284|0x0000000091c00000, 0x0000000091c00000, 0x0000000091d00000|  0%| F|  |TAMS 0x0000000091c00000| PB 0x0000000091c00000| Untracked 
| 285|0x0000000091d00000, 0x0000000091d00000, 0x0000000091e00000|  0%| F|  |TAMS 0x0000000091d00000| PB 0x0000000091d00000| Untracked 
| 286|0x0000000091e00000, 0x0000000091e00000, 0x0000000091f00000|  0%| F|  |TAMS 0x0000000091e00000| PB 0x0000000091e00000| Untracked 
| 287|0x0000000091f00000, 0x0000000091f00000, 0x0000000092000000|  0%| F|  |TAMS 0x0000000091f00000| PB 0x0000000091f00000| Untracked 
| 288|0x0000000092000000, 0x0000000092000000, 0x0000000092100000|  0%| F|  |TAMS 0x0000000092000000| PB 0x0000000092000000| Untracked 
| 289|0x0000000092100000, 0x0000000092100000, 0x0000000092200000|  0%| F|  |TAMS 0x0000000092100000| PB 0x0000000092100000| Untracked 
| 290|0x0000000092200000, 0x0000000092200000, 0x0000000092300000|  0%| F|  |TAMS 0x0000000092200000| PB 0x0000000092200000| Untracked 
| 291|0x0000000092300000, 0x0000000092300000, 0x0000000092400000|  0%| F|  |TAMS 0x0000000092300000| PB 0x0000000092300000| Untracked 
| 292|0x0000000092400000, 0x0000000092400000, 0x0000000092500000|  0%| F|  |TAMS 0x0000000092400000| PB 0x0000000092400000| Untracked 
| 293|0x0000000092500000, 0x0000000092500000, 0x0000000092600000|  0%| F|  |TAMS 0x0000000092500000| PB 0x0000000092500000| Untracked 
| 294|0x0000000092600000, 0x0000000092600000, 0x0000000092700000|  0%| F|  |TAMS 0x0000000092600000| PB 0x0000000092600000| Untracked 
| 295|0x0000000092700000, 0x0000000092700000, 0x0000000092800000|  0%| F|  |TAMS 0x0000000092700000| PB 0x0000000092700000| Untracked 
| 296|0x0000000092800000, 0x0000000092800000, 0x0000000092900000|  0%| F|  |TAMS 0x0000000092800000| PB 0x0000000092800000| Untracked 
| 297|0x0000000092900000, 0x0000000092900000, 0x0000000092a00000|  0%| F|  |TAMS 0x0000000092900000| PB 0x0000000092900000| Untracked 
| 298|0x0000000092a00000, 0x0000000092a00000, 0x0000000092b00000|  0%| F|  |TAMS 0x0000000092a00000| PB 0x0000000092a00000| Untracked 
| 299|0x0000000092b00000, 0x0000000092b00000, 0x0000000092c00000|  0%| F|  |TAMS 0x0000000092b00000| PB 0x0000000092b00000| Untracked 
| 300|0x0000000092c00000, 0x0000000092c00000, 0x0000000092d00000|  0%| F|  |TAMS 0x0000000092c00000| PB 0x0000000092c00000| Untracked 
| 301|0x0000000092d00000, 0x0000000092d00000, 0x0000000092e00000|  0%| F|  |TAMS 0x0000000092d00000| PB 0x0000000092d00000| Untracked 
| 302|0x0000000092e00000, 0x0000000092e00000, 0x0000000092f00000|  0%| F|  |TAMS 0x0000000092e00000| PB 0x0000000092e00000| Untracked 
| 303|0x0000000092f00000, 0x0000000092f00000, 0x0000000093000000|  0%| F|  |TAMS 0x0000000092f00000| PB 0x0000000092f00000| Untracked 
| 304|0x0000000093000000, 0x0000000093000000, 0x0000000093100000|  0%| F|  |TAMS 0x0000000093000000| PB 0x0000000093000000| Untracked 
| 305|0x0000000093100000, 0x0000000093100000, 0x0000000093200000|  0%| F|  |TAMS 0x0000000093100000| PB 0x0000000093100000| Untracked 
| 306|0x0000000093200000, 0x0000000093200000, 0x0000000093300000|  0%| F|  |TAMS 0x0000000093200000| PB 0x0000000093200000| Untracked 
| 307|0x0000000093300000, 0x0000000093300000, 0x0000000093400000|  0%| F|  |TAMS 0x0000000093300000| PB 0x0000000093300000| Untracked 
| 308|0x0000000093400000, 0x0000000093400000, 0x0000000093500000|  0%| F|  |TAMS 0x0000000093400000| PB 0x0000000093400000| Untracked 
| 309|0x0000000093500000, 0x0000000093500000, 0x0000000093600000|  0%| F|  |TAMS 0x0000000093500000| PB 0x0000000093500000| Untracked 
| 310|0x0000000093600000, 0x0000000093600000, 0x0000000093700000|  0%| F|  |TAMS 0x0000000093600000| PB 0x0000000093600000| Untracked 
| 311|0x0000000093700000, 0x0000000093700000, 0x0000000093800000|  0%| F|  |TAMS 0x0000000093700000| PB 0x0000000093700000| Untracked 
| 312|0x0000000093800000, 0x0000000093800000, 0x0000000093900000|  0%| F|  |TAMS 0x0000000093800000| PB 0x0000000093800000| Untracked 
| 313|0x0000000093900000, 0x0000000093900000, 0x0000000093a00000|  0%| F|  |TAMS 0x0000000093900000| PB 0x0000000093900000| Untracked 
| 314|0x0000000093a00000, 0x0000000093a00000, 0x0000000093b00000|  0%| F|  |TAMS 0x0000000093a00000| PB 0x0000000093a00000| Untracked 
| 315|0x0000000093b00000, 0x0000000093b00000, 0x0000000093c00000|  0%| F|  |TAMS 0x0000000093b00000| PB 0x0000000093b00000| Untracked 
| 316|0x0000000093c00000, 0x0000000093c00000, 0x0000000093d00000|  0%| F|  |TAMS 0x0000000093c00000| PB 0x0000000093c00000| Untracked 
| 317|0x0000000093d00000, 0x0000000093d00000, 0x0000000093e00000|  0%| F|  |TAMS 0x0000000093d00000| PB 0x0000000093d00000| Untracked 
| 318|0x0000000093e00000, 0x0000000093e00000, 0x0000000093f00000|  0%| F|  |TAMS 0x0000000093e00000| PB 0x0000000093e00000| Untracked 
| 319|0x0000000093f00000, 0x0000000093f00000, 0x0000000094000000|  0%| F|  |TAMS 0x0000000093f00000| PB 0x0000000093f00000| Untracked 
| 320|0x0000000094000000, 0x0000000094000000, 0x0000000094100000|  0%| F|  |TAMS 0x0000000094000000| PB 0x0000000094000000| Untracked 
| 321|0x0000000094100000, 0x0000000094200000, 0x0000000094200000|100%| E|CS|TAMS 0x0000000094100000| PB 0x0000000094100000| Complete 
| 322|0x0000000094200000, 0x0000000094300000, 0x0000000094300000|100%| E|CS|TAMS 0x0000000094200000| PB 0x0000000094200000| Complete 
| 323|0x0000000094300000, 0x0000000094400000, 0x0000000094400000|100%| E|CS|TAMS 0x0000000094300000| PB 0x0000000094300000| Complete 
| 324|0x0000000094400000, 0x0000000094500000, 0x0000000094500000|100%| E|CS|TAMS 0x0000000094400000| PB 0x0000000094400000| Complete 
| 325|0x0000000094500000, 0x0000000094600000, 0x0000000094600000|100%| E|CS|TAMS 0x0000000094500000| PB 0x0000000094500000| Complete 
| 326|0x0000000094600000, 0x0000000094700000, 0x0000000094700000|100%| E|CS|TAMS 0x0000000094600000| PB 0x0000000094600000| Complete 
| 327|0x0000000094700000, 0x0000000094800000, 0x0000000094800000|100%| E|CS|TAMS 0x0000000094700000| PB 0x0000000094700000| Complete 
| 328|0x0000000094800000, 0x0000000094900000, 0x0000000094900000|100%| E|CS|TAMS 0x0000000094800000| PB 0x0000000094800000| Complete 
| 329|0x0000000094900000, 0x0000000094a00000, 0x0000000094a00000|100%| E|CS|TAMS 0x0000000094900000| PB 0x0000000094900000| Complete 
| 330|0x0000000094a00000, 0x0000000094b00000, 0x0000000094b00000|100%| E|CS|TAMS 0x0000000094a00000| PB 0x0000000094a00000| Complete 
| 331|0x0000000094b00000, 0x0000000094b00000, 0x0000000094c00000|  0%| F|  |TAMS 0x0000000094b00000| PB 0x0000000094b00000| Untracked 
| 332|0x0000000094c00000, 0x0000000094c00000, 0x0000000094d00000|  0%| F|  |TAMS 0x0000000094c00000| PB 0x0000000094c00000| Untracked 
| 333|0x0000000094d00000, 0x0000000094d00000, 0x0000000094e00000|  0%| F|  |TAMS 0x0000000094d00000| PB 0x0000000094d00000| Untracked 
| 334|0x0000000094e00000, 0x0000000094e00000, 0x0000000094f00000|  0%| F|  |TAMS 0x0000000094e00000| PB 0x0000000094e00000| Untracked 
| 335|0x0000000094f00000, 0x0000000094f00000, 0x0000000095000000|  0%| F|  |TAMS 0x0000000094f00000| PB 0x0000000094f00000| Untracked 
| 336|0x0000000095000000, 0x0000000095000000, 0x0000000095100000|  0%| F|  |TAMS 0x0000000095000000| PB 0x0000000095000000| Untracked 
| 337|0x0000000095100000, 0x0000000095200000, 0x0000000095200000|100%| E|  |TAMS 0x0000000095100000| PB 0x0000000095100000| Complete 
| 338|0x0000000095200000, 0x0000000095300000, 0x0000000095300000|100%| E|CS|TAMS 0x0000000095200000| PB 0x0000000095200000| Complete 
| 339|0x0000000095300000, 0x0000000095400000, 0x0000000095400000|100%| E|CS|TAMS 0x0000000095300000| PB 0x0000000095300000| Complete 
| 340|0x0000000095400000, 0x0000000095500000, 0x0000000095500000|100%| E|CS|TAMS 0x0000000095400000| PB 0x0000000095400000| Complete 
| 341|0x0000000095500000, 0x0000000095600000, 0x0000000095600000|100%| E|CS|TAMS 0x0000000095500000| PB 0x0000000095500000| Complete 
| 342|0x0000000095600000, 0x0000000095700000, 0x0000000095700000|100%| E|CS|TAMS 0x0000000095600000| PB 0x0000000095600000| Complete 
| 343|0x0000000095700000, 0x0000000095800000, 0x0000000095800000|100%| E|CS|TAMS 0x0000000095700000| PB 0x0000000095700000| Complete 
| 344|0x0000000095800000, 0x0000000095900000, 0x0000000095900000|100%| E|CS|TAMS 0x0000000095800000| PB 0x0000000095800000| Complete 
| 345|0x0000000095900000, 0x0000000095a00000, 0x0000000095a00000|100%| E|CS|TAMS 0x0000000095900000| PB 0x0000000095900000| Complete 
| 346|0x0000000095a00000, 0x0000000095b00000, 0x0000000095b00000|100%| E|CS|TAMS 0x0000000095a00000| PB 0x0000000095a00000| Complete 
| 347|0x0000000095b00000, 0x0000000095c00000, 0x0000000095c00000|100%| E|CS|TAMS 0x0000000095b00000| PB 0x0000000095b00000| Complete 
| 348|0x0000000095c00000, 0x0000000095d00000, 0x0000000095d00000|100%| E|CS|TAMS 0x0000000095c00000| PB 0x0000000095c00000| Complete 
| 349|0x0000000095d00000, 0x0000000095e00000, 0x0000000095e00000|100%| E|CS|TAMS 0x0000000095d00000| PB 0x0000000095d00000| Complete 
| 350|0x0000000095e00000, 0x0000000095f00000, 0x0000000095f00000|100%| E|CS|TAMS 0x0000000095e00000| PB 0x0000000095e00000| Complete 
| 351|0x0000000095f00000, 0x0000000096000000, 0x0000000096000000|100%| E|CS|TAMS 0x0000000095f00000| PB 0x0000000095f00000| Complete 
| 352|0x0000000096000000, 0x0000000096100000, 0x0000000096100000|100%| E|CS|TAMS 0x0000000096000000| PB 0x0000000096000000| Complete 
| 353|0x0000000096100000, 0x0000000096200000, 0x0000000096200000|100%| E|CS|TAMS 0x0000000096100000| PB 0x0000000096100000| Complete 
| 354|0x0000000096200000, 0x0000000096300000, 0x0000000096300000|100%| E|CS|TAMS 0x0000000096200000| PB 0x0000000096200000| Complete 
| 355|0x0000000096300000, 0x0000000096400000, 0x0000000096400000|100%| E|CS|TAMS 0x0000000096300000| PB 0x0000000096300000| Complete 
| 356|0x0000000096400000, 0x0000000096500000, 0x0000000096500000|100%| E|CS|TAMS 0x0000000096400000| PB 0x0000000096400000| Complete 
| 357|0x0000000096500000, 0x0000000096600000, 0x0000000096600000|100%| E|CS|TAMS 0x0000000096500000| PB 0x0000000096500000| Complete 
| 358|0x0000000096600000, 0x0000000096700000, 0x0000000096700000|100%| E|CS|TAMS 0x0000000096600000| PB 0x0000000096600000| Complete 
| 359|0x0000000096700000, 0x0000000096800000, 0x0000000096800000|100%| E|CS|TAMS 0x0000000096700000| PB 0x0000000096700000| Complete 
| 360|0x0000000096800000, 0x0000000096900000, 0x0000000096900000|100%| E|CS|TAMS 0x0000000096800000| PB 0x0000000096800000| Complete 
| 361|0x0000000096900000, 0x0000000096a00000, 0x0000000096a00000|100%| E|CS|TAMS 0x0000000096900000| PB 0x0000000096900000| Complete 
| 362|0x0000000096a00000, 0x0000000096b00000, 0x0000000096b00000|100%| E|CS|TAMS 0x0000000096a00000| PB 0x0000000096a00000| Complete 
|2039|0x00000000ff700000, 0x00000000ff800000, 0x00000000ff800000|100%| O|  |TAMS 0x00000000ff700000| PB 0x00000000ff700000| Untracked 
|2040|0x00000000ff800000, 0x00000000ff900000, 0x00000000ff900000|100%| O|  |TAMS 0x00000000ff800000| PB 0x00000000ff800000| Untracked 
|2041|0x00000000ff900000, 0x00000000ffa00000, 0x00000000ffa00000|100%| E|CS|TAMS 0x00000000ff900000| PB 0x00000000ff900000| Complete 
|2042|0x00000000ffa00000, 0x00000000ffb00000, 0x00000000ffb00000|100%| O|  |TAMS 0x00000000ffa00000| PB 0x00000000ffa00000| Untracked 
|2043|0x00000000ffb00000, 0x00000000ffc00000, 0x00000000ffc00000|100%| E|CS|TAMS 0x00000000ffb00000| PB 0x00000000ffb00000| Complete 
|2044|0x00000000ffc00000, 0x00000000ffd00000, 0x00000000ffd00000|100%| O|  |TAMS 0x00000000ffc00000| PB 0x00000000ffc00000| Untracked 
|2045|0x00000000ffd00000, 0x00000000ffe00000, 0x00000000ffe00000|100%| O|  |TAMS 0x00000000ffd00000| PB 0x00000000ffd00000| Untracked 
|2046|0x00000000ffe00000, 0x00000000fff00000, 0x00000000fff00000|100%| O|  |TAMS 0x00000000ffe00000| PB 0x00000000ffe00000| Untracked 
|2047|0x00000000fff00000, 0x0000000100000000, 0x0000000100000000|100%| O|  |TAMS 0x00000000fff00000| PB 0x00000000fff00000| Untracked 

Card table byte_map: [0x0000024edd600000,0x0000024edda00000] _byte_map_base: 0x0000024edd200000

Marking Bits: (CMBitMap*) 0x0000024ecadbd3c0
 Bits: [0x0000024edda00000, 0x0000024edfa00000)

Polling page: 0x0000024ec8ad0000

Metaspace:

Usage:
  Non-class:    146.36 MB used.
      Class:     22.10 MB used.
       Both:    168.45 MB used.

Virtual space:
  Non-class space:      192.00 MB reserved,     147.50 MB ( 77%) committed,  3 nodes.
      Class space:        1.00 GB reserved,      23.12 MB (  2%) committed,  1 nodes.
             Both:        1.19 GB reserved,     170.62 MB ( 14%) committed. 

Chunk freelists:
   Non-Class:  12.53 MB
       Class:  8.88 MB
        Both:  21.41 MB

MaxMetaspaceSize: unlimited
CompressedClassSpaceSize: 1.00 GB
Initial GC threshold: 21.00 MB
Current GC threshold: 281.69 MB
CDS: off
 - commit_granule_bytes: 65536.
 - commit_granule_words: 8192.
 - virtual_space_node_default_size: 8388608.
 - enlarge_chunks_in_place: 1.
 - use_allocation_guard: 0.


Internal statistics:

num_allocs_failed_limit: 6.
num_arena_births: 4426.
num_arena_deaths: 0.
num_vsnodes_births: 4.
num_vsnodes_deaths: 0.
num_space_committed: 2729.
num_space_uncommitted: 0.
num_chunks_returned_to_freelist: 6.
num_chunks_taken_from_freelist: 11079.
num_chunk_merges: 6.
num_chunk_splits: 7831.
num_chunks_enlarged: 5575.
num_inconsistent_stats: 0.

CodeHeap 'non-profiled nmethods': size=120000Kb used=9025Kb max_used=9167Kb free=110974Kb
 bounds [0x0000024ed59a0000, 0x0000024ed62a0000, 0x0000024edced0000]
CodeHeap 'profiled nmethods': size=120000Kb used=34773Kb max_used=35099Kb free=85226Kb
 bounds [0x0000024ecded0000, 0x0000024ed0120000, 0x0000024ed5400000]
CodeHeap 'non-nmethods': size=5760Kb used=2294Kb max_used=2398Kb free=3465Kb
 bounds [0x0000024ed5400000, 0x0000024ed5680000, 0x0000024ed59a0000]
CodeCache: size=245760Kb, used=46092Kb, max_used=46664Kb, free=199665Kb
 total_blobs=16400, nmethods=15261, adapters=1042, full_count=0
Compilation: enabled, stopped_count=0, restarted_count=0

Compilation events (20 events):
Event: 62.167 Thread 0x0000024ee25b0590 17959       3       org.gradle.internal.instantiation.generator.ManagedObjectFactory::newInstance (57 bytes)
Event: 62.168 Thread 0x0000024ee25b0590 nmethod 17959 0x0000024ecdf8b110 code [0x0000024ecdf8b3c0, 0x0000024ecdf8bf18]
Event: 62.246 Thread 0x0000024ee25b0590 17960       3       org.gradle.api.internal.DefaultNamedDomainObjectCollection::hasWithName (32 bytes)
Event: 62.247 Thread 0x0000024ee25b0590 nmethod 17960 0x0000024eceb13710 code [0x0000024eceb138e0, 0x0000024eceb13c00]
Event: 62.302 Thread 0x0000024ee25b0590 17961       1       java.util.stream.ReferencePipeline$StatefulOp::opIsStateful (2 bytes)
Event: 62.302 Thread 0x0000024ee25b0590 nmethod 17961 0x0000024ed5a6fe10 code [0x0000024ed5a6ffa0, 0x0000024ed5a70068]
Event: 62.327 Thread 0x0000024ee25b0590 17962       3       org.gradle.util.Path::asString (20 bytes)
Event: 62.328 Thread 0x0000024ee25b0590 nmethod 17962 0x0000024ece6b0610 code [0x0000024ece6b07c0, 0x0000024ece6b0990]
Event: 62.344 Thread 0x0000024ee25b0590 17963       3       com.android.utils.StringHelper::appendCapitalized (205 bytes)
Event: 62.348 Thread 0x0000024ee25b0590 nmethod 17963 0x0000024ece621690 code [0x0000024ece621be0, 0x0000024ece623de8]
Event: 62.368 Thread 0x0000024ee25b0590 17964   !   3       sun.nio.fs.WindowsFileAttributeViews$Basic::readAttributes (30 bytes)
Event: 62.368 Thread 0x0000024ee25b0590 nmethod 17964 0x0000024ece653710 code [0x0000024ece653900, 0x0000024ece653d08]
Event: 62.393 Thread 0x0000024ee25b0590 17965       3       org.gradle.api.internal.provider.AbstractMinimalProvider::asSupplier (73 bytes)
Event: 62.394 Thread 0x0000024ee25b0590 nmethod 17965 0x0000024ece616610 code [0x0000024ece616880, 0x0000024ece6172f8]
Event: 62.414 Thread 0x0000024ee25b0590 17966       1       org.gradle.internal.ImmutableActionSet$SetWithManyActions::isEmpty (2 bytes)
Event: 62.414 Thread 0x0000024ee25b0590 nmethod 17966 0x0000024ed5a6fb10 code [0x0000024ed5a6fca0, 0x0000024ed5a6fd68]
Event: 62.417 Thread 0x0000024ee25b0590 17967       3       org.gradle.api.internal.provider.DefaultProperty::set (42 bytes)
Event: 62.419 Thread 0x0000024ee25b0590 nmethod 17967 0x0000024ece8a2c10 code [0x0000024ece8a2e80, 0x0000024ece8a3ba0]
Event: 62.434 Thread 0x0000024ee25b0590 17968       3       sun.nio.fs.WindowsFileSystemProvider::readAttributes (63 bytes)
Event: 62.435 Thread 0x0000024ee25b0590 nmethod 17968 0x0000024eceb7a790 code [0x0000024eceb7aa00, 0x0000024eceb7b3d0]

GC Heap History (20 events):
Event: 44.504 GC heap before
{Heap before GC invocations=51 (full 0):
 garbage-first heap   total 268288K, used 233939K [0x0000000080000000, 0x0000000100000000)
  region size 1024K, 75 young (76800K), 10 survivors (10240K)
 Metaspace       used 138241K, committed 140288K, reserved 1179648K
  class space    used 18488K, committed 19456K, reserved 1048576K
}
Event: 44.524 GC heap after
{Heap after GC invocations=52 (full 0):
 garbage-first heap   total 268288K, used 178239K [0x0000000080000000, 0x0000000100000000)
  region size 1024K, 10 young (10240K), 10 survivors (10240K)
 Metaspace       used 138241K, committed 140288K, reserved 1179648K
  class space    used 18488K, committed 19456K, reserved 1048576K
}
Event: 46.520 GC heap before
{Heap before GC invocations=53 (full 0):
 garbage-first heap   total 299008K, used 238655K [0x0000000080000000, 0x0000000100000000)
  region size 1024K, 69 young (70656K), 10 survivors (10240K)
 Metaspace       used 144349K, committed 146432K, reserved 1179648K
  class space    used 19174K, committed 20160K, reserved 1048576K
}
Event: 46.533 GC heap after
{Heap after GC invocations=54 (full 0):
 garbage-first heap   total 299008K, used 181635K [0x0000000080000000, 0x0000000100000000)
  region size 1024K, 4 young (4096K), 4 survivors (4096K)
 Metaspace       used 144349K, committed 146432K, reserved 1179648K
  class space    used 19174K, committed 20160K, reserved 1048576K
}
Event: 48.129 GC heap before
{Heap before GC invocations=54 (full 0):
 garbage-first heap   total 299008K, used 262531K [0x0000000080000000, 0x0000000100000000)
  region size 1024K, 82 young (83968K), 4 survivors (4096K)
 Metaspace       used 148265K, committed 150336K, reserved 1179648K
  class space    used 19619K, committed 20608K, reserved 1048576K
}
Event: 48.140 GC heap after
{Heap after GC invocations=55 (full 0):
 garbage-first heap   total 299008K, used 186987K [0x0000000080000000, 0x0000000100000000)
  region size 1024K, 7 young (7168K), 7 survivors (7168K)
 Metaspace       used 148265K, committed 150336K, reserved 1179648K
  class space    used 19619K, committed 20608K, reserved 1048576K
}
Event: 50.229 GC heap before
{Heap before GC invocations=55 (full 0):
 garbage-first heap   total 299008K, used 267883K [0x0000000080000000, 0x0000000100000000)
  region size 1024K, 86 young (88064K), 7 survivors (7168K)
 Metaspace       used 154754K, committed 156992K, reserved 1245184K
  class space    used 20561K, committed 21632K, reserved 1048576K
}
Event: 50.239 GC heap after
{Heap after GC invocations=56 (full 0):
 garbage-first heap   total 299008K, used 189114K [0x0000000080000000, 0x0000000100000000)
  region size 1024K, 7 young (7168K), 7 survivors (7168K)
 Metaspace       used 154754K, committed 156992K, reserved 1245184K
  class space    used 20561K, committed 21632K, reserved 1048576K
}
Event: 52.540 GC heap before
{Heap before GC invocations=57 (full 0):
 garbage-first heap   total 324608K, used 277178K [0x0000000080000000, 0x0000000100000000)
  region size 1024K, 88 young (90112K), 7 survivors (7168K)
 Metaspace       used 159214K, committed 161472K, reserved 1245184K
  class space    used 21150K, committed 22208K, reserved 1048576K
}
Event: 52.553 GC heap after
{Heap after GC invocations=58 (full 0):
 garbage-first heap   total 324608K, used 196613K [0x0000000080000000, 0x0000000100000000)
  region size 1024K, 9 young (9216K), 9 survivors (9216K)
 Metaspace       used 159214K, committed 161472K, reserved 1245184K
  class space    used 21150K, committed 22208K, reserved 1048576K
}
Event: 54.530 GC heap before
{Heap before GC invocations=58 (full 0):
 garbage-first heap   total 324608K, used 290821K [0x0000000080000000, 0x0000000100000000)
  region size 1024K, 101 young (103424K), 9 survivors (9216K)
 Metaspace       used 162155K, committed 164352K, reserved 1245184K
  class space    used 21561K, committed 22592K, reserved 1048576K
}
Event: 54.557 GC heap after
{Heap after GC invocations=59 (full 0):
 garbage-first heap   total 324608K, used 213922K [0x0000000080000000, 0x0000000100000000)
  region size 1024K, 13 young (13312K), 13 survivors (13312K)
 Metaspace       used 162155K, committed 164352K, reserved 1245184K
  class space    used 21561K, committed 22592K, reserved 1048576K
}
Event: 54.777 GC heap before
{Heap before GC invocations=59 (full 0):
 garbage-first heap   total 324608K, used 260002K [0x0000000080000000, 0x0000000100000000)
  region size 1024K, 59 young (60416K), 13 survivors (13312K)
 Metaspace       used 162167K, committed 164352K, reserved 1245184K
  class space    used 21561K, committed 22592K, reserved 1048576K
}
Event: 54.812 GC heap after
{Heap after GC invocations=60 (full 0):
 garbage-first heap   total 324608K, used 235787K [0x0000000080000000, 0x0000000100000000)
  region size 1024K, 11 young (11264K), 11 survivors (11264K)
 Metaspace       used 162167K, committed 164352K, reserved 1245184K
  class space    used 21561K, committed 22592K, reserved 1048576K
}
Event: 56.079 GC heap before
{Heap before GC invocations=61 (full 0):
 garbage-first heap   total 348160K, used 258315K [0x0000000080000000, 0x0000000100000000)
  region size 1024K, 60 young (61440K), 11 survivors (11264K)
 Metaspace       used 162743K, committed 164928K, reserved 1245184K
  class space    used 21576K, committed 22592K, reserved 1048576K
}
Event: 56.098 GC heap after
{Heap after GC invocations=62 (full 0):
 garbage-first heap   total 348160K, used 220112K [0x0000000080000000, 0x0000000100000000)
  region size 1024K, 8 young (8192K), 8 survivors (8192K)
 Metaspace       used 162743K, committed 164928K, reserved 1245184K
  class space    used 21576K, committed 22592K, reserved 1048576K
}
Event: 58.291 GC heap before
{Heap before GC invocations=62 (full 0):
 garbage-first heap   total 348160K, used 297936K [0x0000000080000000, 0x0000000100000000)
  region size 1024K, 83 young (84992K), 8 survivors (8192K)
 Metaspace       used 164540K, committed 166720K, reserved 1245184K
  class space    used 21674K, committed 22720K, reserved 1048576K
}
Event: 58.320 GC heap after
{Heap after GC invocations=63 (full 0):
 garbage-first heap   total 348160K, used 217552K [0x0000000080000000, 0x0000000100000000)
  region size 1024K, 11 young (11264K), 11 survivors (11264K)
 Metaspace       used 164540K, committed 166720K, reserved 1245184K
  class space    used 21674K, committed 22720K, reserved 1048576K
}
Event: 61.149 GC heap before
{Heap before GC invocations=63 (full 0):
 garbage-first heap   total 348160K, used 295376K [0x0000000080000000, 0x0000000100000000)
  region size 1024K, 87 young (89088K), 11 survivors (11264K)
 Metaspace       used 170016K, committed 172288K, reserved 1245184K
  class space    used 22204K, committed 23296K, reserved 1048576K
}
Event: 61.171 GC heap after
{Heap after GC invocations=64 (full 0):
 garbage-first heap   total 348160K, used 226963K [0x0000000080000000, 0x0000000100000000)
  region size 1024K, 9 young (9216K), 9 survivors (9216K)
 Metaspace       used 170016K, committed 172288K, reserved 1245184K
  class space    used 22204K, committed 23296K, reserved 1048576K
}

Dll operation events (3 events):
Event: 0.022 Loaded shared library C:\Program Files\Android\Android Studio\jbr\bin\java.dll
Event: 0.039 Loaded shared library C:\Program Files\Android\Android Studio\jbr\bin\zip.dll
Event: 2.009 Loaded shared library C:\Program Files\Android\Android Studio\jbr\bin\verify.dll

Deoptimization events (20 events):
Event: 60.335 Thread 0x0000024ee879f420 Uncommon trap: trap_request=0xffffff45 fr.pc=0x0000024ed6095b38 relative=0x00000000000003b8
Event: 60.335 Thread 0x0000024ee879f420 Uncommon trap: reason=unstable_if action=reinterpret pc=0x0000024ed6095b38 method=org.objectweb.asm.MethodWriter.visitFieldInsn(ILjava/lang/String;Ljava/lang/String;Ljava/lang/String;)V @ 91 c2
Event: 60.335 Thread 0x0000024ee879f420 DEOPT PACKING pc=0x0000024ed6095b38 sp=0x000000bcfcdf4730
Event: 60.335 Thread 0x0000024ee879f420 DEOPT UNPACKING pc=0x0000024ed54543a2 sp=0x000000bcfcdf4668 mode 2
Event: 60.339 Thread 0x0000024ee879f420 Uncommon trap: trap_request=0xffffff45 fr.pc=0x0000024ed608f21c relative=0x000000000000039c
Event: 60.339 Thread 0x0000024ee879f420 Uncommon trap: reason=unstable_if action=reinterpret pc=0x0000024ed608f21c method=org.objectweb.asm.MethodWriter.visitFieldInsn(ILjava/lang/String;Ljava/lang/String;Ljava/lang/String;)V @ 91 c2
Event: 60.339 Thread 0x0000024ee879f420 DEOPT PACKING pc=0x0000024ed608f21c sp=0x000000bcfcdf4670
Event: 60.339 Thread 0x0000024ee879f420 DEOPT UNPACKING pc=0x0000024ed54543a2 sp=0x000000bcfcdf4628 mode 2
Event: 60.902 Thread 0x0000024ee879f420 DEOPT PACKING pc=0x0000024ecea54968 sp=0x000000bcfcdf5c00
Event: 60.902 Thread 0x0000024ee879f420 DEOPT UNPACKING pc=0x0000024ed5454b42 sp=0x000000bcfcdf5120 mode 0
Event: 61.720 Thread 0x0000024ee879f420 DEOPT PACKING pc=0x0000024ece2d5e5e sp=0x000000bcfcdf63c0
Event: 61.720 Thread 0x0000024ee879f420 DEOPT UNPACKING pc=0x0000024ed5454b42 sp=0x000000bcfcdf58a8 mode 0
Event: 62.071 Thread 0x0000024ee879f420 Uncommon trap: trap_request=0xffffff45 fr.pc=0x0000024ed5d2c3e0 relative=0x00000000000019e0
Event: 62.071 Thread 0x0000024ee879f420 Uncommon trap: reason=unstable_if action=reinterpret pc=0x0000024ed5d2c3e0 method=sun.nio.fs.WindowsPath.getPathForWin32Calls(Z)Ljava/lang/String; @ 21 c2
Event: 62.071 Thread 0x0000024ee879f420 DEOPT PACKING pc=0x0000024ed5d2c3e0 sp=0x000000bcfcdf6000
Event: 62.071 Thread 0x0000024ee879f420 DEOPT UNPACKING pc=0x0000024ed54543a2 sp=0x000000bcfcdf5d88 mode 2
Event: 62.276 Thread 0x0000024ee879f420 Uncommon trap: trap_request=0xffffff45 fr.pc=0x0000024ed5a7c8fc relative=0x00000000000000dc
Event: 62.276 Thread 0x0000024ee879f420 Uncommon trap: reason=unstable_if action=reinterpret pc=0x0000024ed5a7c8fc method=sun.nio.fs.WindowsPath.getPathForWin32Calls(Z)Ljava/lang/String; @ 21 c2
Event: 62.276 Thread 0x0000024ee879f420 DEOPT PACKING pc=0x0000024ed5a7c8fc sp=0x000000bcfcdf5ec0
Event: 62.276 Thread 0x0000024ee879f420 DEOPT UNPACKING pc=0x0000024ed54543a2 sp=0x000000bcfcdf5e40 mode 2

Classes loaded (20 events):
Event: 50.456 Loading class java/util/Base64$Decoder
Event: 50.457 Loading class java/util/Base64$Decoder done
Event: 50.457 Loading class java/util/Base64$Encoder
Event: 50.460 Loading class java/util/Base64$Encoder done
Event: 50.475 Loading class java/util/jar/JarVerifier$VerifierStream
Event: 50.475 Loading class java/util/jar/JarVerifier$VerifierStream done
Event: 50.476 Loading class sun/security/util/ManifestEntryVerifier$SunProviderHolder
Event: 50.476 Loading class sun/security/util/ManifestEntryVerifier$SunProviderHolder done
Event: 51.213 Loading class sun/reflect/annotation/AnnotationInvocationHandler$1
Event: 51.214 Loading class sun/reflect/annotation/AnnotationInvocationHandler$1 done
Event: 51.279 Loading class java/lang/foreign/ValueLayout
Event: 51.280 Loading class java/lang/foreign/MemoryLayout
Event: 51.281 Loading class java/lang/foreign/MemoryLayout done
Event: 51.281 Loading class java/lang/foreign/ValueLayout done
Event: 53.005 Loading class java/util/zip/ZipOutputStream
Event: 53.006 Loading class java/util/zip/ZipOutputStream done
Event: 53.333 Loading class java/lang/StackTraceElement$HashedModules
Event: 53.333 Loading class java/lang/StackTraceElement$HashedModules done
Event: 53.494 Loading class java/io/CharArrayReader
Event: 53.495 Loading class java/io/CharArrayReader done

Classes unloaded (0 events):
No events

Classes redefined (0 events):
No events

Internal exceptions (20 events):
Event: 62.399 Thread 0x0000024ee879f420 Exception <a 'sun/nio/fs/WindowsException'{0x00000000957fdca8}> (0x00000000957fdca8) 
thrown [s\src\hotspot\share\prims\jni.cpp, line 537]
Event: 62.402 Thread 0x0000024ee879f420 Exception <a 'sun/nio/fs/WindowsException'{0x00000000956312a0}> (0x00000000956312a0) 
thrown [s\src\hotspot\share\prims\jni.cpp, line 537]
Event: 62.404 Thread 0x0000024ee879f420 Exception <a 'sun/nio/fs/WindowsException'{0x000000009563e470}> (0x000000009563e470) 
thrown [s\src\hotspot\share\prims\jni.cpp, line 537]
Event: 62.408 Thread 0x0000024ee879f420 Exception <a 'sun/nio/fs/WindowsException'{0x000000009564c120}> (0x000000009564c120) 
thrown [s\src\hotspot\share\prims\jni.cpp, line 537]
Event: 62.410 Thread 0x0000024ee879f420 Exception <a 'sun/nio/fs/WindowsException'{0x000000009565a3f0}> (0x000000009565a3f0) 
thrown [s\src\hotspot\share\prims\jni.cpp, line 537]
Event: 62.413 Thread 0x0000024ee879f420 Exception <a 'sun/nio/fs/WindowsException'{0x0000000095667828}> (0x0000000095667828) 
thrown [s\src\hotspot\share\prims\jni.cpp, line 537]
Event: 62.414 Thread 0x0000024ee879f420 Exception <a 'sun/nio/fs/WindowsException'{0x0000000095676768}> (0x0000000095676768) 
thrown [s\src\hotspot\share\prims\jni.cpp, line 537]
Event: 62.416 Thread 0x0000024ee879f420 Exception <a 'sun/nio/fs/WindowsException'{0x0000000095684ba0}> (0x0000000095684ba0) 
thrown [s\src\hotspot\share\prims\jni.cpp, line 537]
Event: 62.418 Thread 0x0000024ee879f420 Exception <a 'sun/nio/fs/WindowsException'{0x0000000095693880}> (0x0000000095693880) 
thrown [s\src\hotspot\share\prims\jni.cpp, line 537]
Event: 62.420 Thread 0x0000024ee879f420 Exception <a 'sun/nio/fs/WindowsException'{0x00000000956a0ef8}> (0x00000000956a0ef8) 
thrown [s\src\hotspot\share\prims\jni.cpp, line 537]
Event: 62.422 Thread 0x0000024ee879f420 Exception <a 'sun/nio/fs/WindowsException'{0x00000000956af500}> (0x00000000956af500) 
thrown [s\src\hotspot\share\prims\jni.cpp, line 537]
Event: 62.424 Thread 0x0000024ee879f420 Exception <a 'sun/nio/fs/WindowsException'{0x00000000956be0d0}> (0x00000000956be0d0) 
thrown [s\src\hotspot\share\prims\jni.cpp, line 537]
Event: 62.428 Thread 0x0000024ee879f420 Exception <a 'sun/nio/fs/WindowsException'{0x00000000956d4a08}> (0x00000000956d4a08) 
thrown [s\src\hotspot\share\prims\jni.cpp, line 537]
Event: 62.431 Thread 0x0000024ee879f420 Exception <a 'sun/nio/fs/WindowsException'{0x00000000956f3100}> (0x00000000956f3100) 
thrown [s\src\hotspot\share\prims\jni.cpp, line 537]
Event: 62.434 Thread 0x0000024ee879f420 Exception <a 'sun/nio/fs/WindowsException'{0x0000000095501e78}> (0x0000000095501e78) 
thrown [s\src\hotspot\share\prims\jni.cpp, line 537]
Event: 62.436 Thread 0x0000024ee879f420 Exception <a 'sun/nio/fs/WindowsException'{0x0000000095523b10}> (0x0000000095523b10) 
thrown [s\src\hotspot\share\prims\jni.cpp, line 537]
Event: 62.437 Thread 0x0000024ee879f420 Exception <a 'sun/nio/fs/WindowsException'{0x00000000955327e8}> (0x00000000955327e8) 
thrown [s\src\hotspot\share\prims\jni.cpp, line 537]
Event: 62.439 Thread 0x0000024ee879f420 Exception <a 'sun/nio/fs/WindowsException'{0x00000000955417b0}> (0x00000000955417b0) 
thrown [s\src\hotspot\share\prims\jni.cpp, line 537]
Event: 62.441 Thread 0x0000024ee879f420 Exception <a 'sun/nio/fs/WindowsException'{0x000000009554f420}> (0x000000009554f420) 
thrown [s\src\hotspot\share\prims\jni.cpp, line 537]
Event: 62.444 Thread 0x0000024ee879f420 Exception <a 'sun/nio/fs/WindowsException'{0x000000009555d1e8}> (0x000000009555d1e8) 
thrown [s\src\hotspot\share\prims\jni.cpp, line 537]

ZGC Phase Switch (0 events):
No events

VM Operations (20 events):
Event: 60.107 Executing VM operation: HandshakeAllThreads (HandshakeForDeflation)
Event: 60.107 Executing VM operation: HandshakeAllThreads (HandshakeForDeflation) done
Event: 60.107 Executing VM operation: RendezvousGCThreads
Event: 60.107 Executing VM operation: RendezvousGCThreads done
Event: 60.199 Executing VM operation: HandshakeAllThreads (Deoptimize)
Event: 60.200 Executing VM operation: HandshakeAllThreads (Deoptimize) done
Event: 60.210 Executing VM operation: ICBufferFull
Event: 60.210 Executing VM operation: ICBufferFull done
Event: 61.149 Executing VM operation: G1CollectForAllocation (G1 Evacuation Pause)
Event: 61.171 Executing VM operation: G1CollectForAllocation (G1 Evacuation Pause) done
Event: 61.539 Executing VM operation: G1PauseRemark
Event: 61.553 Executing VM operation: G1PauseRemark done
Event: 61.766 Executing VM operation: G1PauseCleanup
Event: 61.766 Executing VM operation: G1PauseCleanup done
Event: 61.811 Executing VM operation: HandshakeAllThreads (Deoptimize)
Event: 61.811 Executing VM operation: HandshakeAllThreads (Deoptimize) done
Event: 61.815 Executing VM operation: HandshakeAllThreads (Deoptimize)
Event: 61.815 Executing VM operation: HandshakeAllThreads (Deoptimize) done
Event: 62.298 Executing VM operation: HandshakeAllThreads (Deoptimize)
Event: 62.298 Executing VM operation: HandshakeAllThreads (Deoptimize) done

Memory protections (0 events):
No events

Nmethod flushes (20 events):
Event: 61.550 Thread 0x0000024ee251d3c0 flushing  nmethod 0x0000024ece3fef10
Event: 61.550 Thread 0x0000024ee251d3c0 flushing  nmethod 0x0000024ece3ff410
Event: 61.550 Thread 0x0000024ee251d3c0 flushing  nmethod 0x0000024ece5bd290
Event: 61.550 Thread 0x0000024ee251d3c0 flushing  nmethod 0x0000024ece794610
Event: 61.550 Thread 0x0000024ee251d3c0 flushing  nmethod 0x0000024ece794e90
Event: 61.550 Thread 0x0000024ee251d3c0 flushing  nmethod 0x0000024ece7e3b10
Event: 61.550 Thread 0x0000024ee251d3c0 flushing  nmethod 0x0000024ecea7f410
Event: 61.550 Thread 0x0000024ee251d3c0 flushing  nmethod 0x0000024eceb30a10
Event: 61.550 Thread 0x0000024ee251d3c0 flushing  nmethod 0x0000024ecee20590
Event: 61.550 Thread 0x0000024ee251d3c0 flushing  nmethod 0x0000024ecf17e590
Event: 61.550 Thread 0x0000024ee251d3c0 flushing  nmethod 0x0000024ecf24ae90
Event: 61.550 Thread 0x0000024ee251d3c0 flushing  nmethod 0x0000024ecf24c310
Event: 61.550 Thread 0x0000024ee251d3c0 flushing  nmethod 0x0000024ecf24c890
Event: 61.550 Thread 0x0000024ee251d3c0 flushing  nmethod 0x0000024ecf254810
Event: 61.550 Thread 0x0000024ee251d3c0 flushing  nmethod 0x0000024ecf254c10
Event: 61.550 Thread 0x0000024ee251d3c0 flushing  nmethod 0x0000024ecf3a0f10
Event: 61.550 Thread 0x0000024ee251d3c0 flushing  nmethod 0x0000024ecf411590
Event: 61.550 Thread 0x0000024ee251d3c0 flushing  nmethod 0x0000024ecf412a10
Event: 61.550 Thread 0x0000024ee251d3c0 flushing  nmethod 0x0000024ecf416b90
Event: 61.550 Thread 0x0000024ee251d3c0 flushing  nmethod 0x0000024ecf537790

Events (20 events):
Event: 50.321 Thread 0x0000024ee25b0590 Thread added: 0x0000024eee477e40
Event: 50.882 Thread 0x0000024eee477e40 Thread exited: 0x0000024eee477e40
Event: 51.202 Thread 0x0000024eee477770 Thread exited: 0x0000024eee477770
Event: 51.408 Thread 0x0000024ee25b0590 Thread added: 0x0000024eee471810
Event: 52.495 Thread 0x0000024ee25b0590 Thread added: 0x0000024eee477770
Event: 52.696 Thread 0x0000024eee477770 Thread exited: 0x0000024eee477770
Event: 53.580 Thread 0x0000024ee879f420 Thread added: 0x0000024eed720e10
Event: 54.230 Thread 0x0000024ee25b0590 Thread added: 0x0000024eebe16a20
Event: 54.833 Thread 0x0000024eebe16a20 Thread exited: 0x0000024eebe16a20
Event: 54.866 Thread 0x0000024eee471810 Thread exited: 0x0000024eee471810
Event: 54.931 Thread 0x0000024ee25b0590 Thread added: 0x0000024eebe16a20
Event: 54.960 Thread 0x0000024ee25b0590 Thread added: 0x0000024eebe17e90
Event: 55.136 Thread 0x0000024eebe16a20 Thread exited: 0x0000024eebe16a20
Event: 55.136 Thread 0x0000024eebe17e90 Thread exited: 0x0000024eebe17e90
Event: 55.336 Thread 0x0000024ee25b0590 Thread added: 0x0000024eebe16a20
Event: 55.474 Thread 0x0000024ee25b0590 Thread added: 0x0000024eebe17e90
Event: 57.482 Thread 0x0000024eebe17e90 Thread exited: 0x0000024eebe17e90
Event: 59.879 Thread 0x0000024eebe16a20 Thread exited: 0x0000024eebe16a20
Event: 61.361 Thread 0x0000024ee25b0590 Thread added: 0x0000024e98275fc0
Event: 62.037 Thread 0x0000024ee25b0590 Thread added: 0x0000024e98273010


Dynamic libraries:
0x00007ff70cff0000 - 0x00007ff70cffa000 	C:\Program Files\Android\Android Studio\jbr\bin\java.exe
0x00007ffc67270000 - 0x00007ffc67468000 	C:\WINDOWS\SYSTEM32\ntdll.dll
0x00007ffc65870000 - 0x00007ffc65932000 	C:\WINDOWS\System32\KERNEL32.DLL
0x00007ffc64930000 - 0x00007ffc64c26000 	C:\WINDOWS\System32\KERNELBASE.dll
0x00007ffc65110000 - 0x00007ffc65210000 	C:\WINDOWS\System32\ucrtbase.dll
0x00007ffc5a0b0000 - 0x00007ffc5a0cb000 	C:\Program Files\Android\Android Studio\jbr\bin\VCRUNTIME140.dll
0x00007ffc5d690000 - 0x00007ffc5d6a8000 	C:\Program Files\Android\Android Studio\jbr\bin\jli.dll
0x00007ffc66880000 - 0x00007ffc66a21000 	C:\WINDOWS\System32\USER32.dll
0x00007ffc64c30000 - 0x00007ffc64c52000 	C:\WINDOWS\System32\win32u.dll
0x00007ffc50670000 - 0x00007ffc5090b000 	C:\WINDOWS\WinSxS\amd64_microsoft.windows.common-controls_6595b64144ccf1df_6.0.19041.6456_none_60b8a6cb71f64256\COMCTL32.dll
0x00007ffc667e0000 - 0x00007ffc6687e000 	C:\WINDOWS\System32\msvcrt.dll
0x00007ffc67170000 - 0x00007ffc6719b000 	C:\WINDOWS\System32\GDI32.dll
0x00007ffc64e60000 - 0x00007ffc64f79000 	C:\WINDOWS\System32\gdi32full.dll
0x00007ffc64dc0000 - 0x00007ffc64e5d000 	C:\WINDOWS\System32\msvcp_win.dll
0x00007ffc653d0000 - 0x00007ffc653ff000 	C:\WINDOWS\System32\IMM32.DLL
0x00007ffc5eeb0000 - 0x00007ffc5eebc000 	C:\Program Files\Android\Android Studio\jbr\bin\vcruntime140_1.dll
0x00007ffc3dca0000 - 0x00007ffc3dd2d000 	C:\Program Files\Android\Android Studio\jbr\bin\msvcp140.dll
0x00007ffbfef80000 - 0x00007ffbffc16000 	C:\Program Files\Android\Android Studio\jbr\bin\server\jvm.dll
0x00007ffc66240000 - 0x00007ffc662f1000 	C:\WINDOWS\System32\ADVAPI32.dll
0x00007ffc66b10000 - 0x00007ffc66baf000 	C:\WINDOWS\System32\sechost.dll
0x00007ffc666c0000 - 0x00007ffc667e0000 	C:\WINDOWS\System32\RPCRT4.dll
0x00007ffc64900000 - 0x00007ffc64927000 	C:\WINDOWS\System32\bcrypt.dll
0x00007ffc66430000 - 0x00007ffc6649b000 	C:\WINDOWS\System32\WS2_32.dll
0x00007ffc64760000 - 0x00007ffc647ab000 	C:\WINDOWS\SYSTEM32\POWRPROF.dll
0x00007ffc47e20000 - 0x00007ffc47e47000 	C:\WINDOWS\SYSTEM32\WINMM.dll
0x00007ffc5d4f0000 - 0x00007ffc5d4fa000 	C:\WINDOWS\SYSTEM32\VERSION.dll
0x00007ffc64740000 - 0x00007ffc64752000 	C:\WINDOWS\SYSTEM32\UMPDC.dll
0x00007ffc63100000 - 0x00007ffc63112000 	C:\WINDOWS\SYSTEM32\kernel.appcore.dll
0x00007ffc5e090000 - 0x00007ffc5e09a000 	C:\Program Files\Android\Android Studio\jbr\bin\jimage.dll
0x00007ffc62de0000 - 0x00007ffc62fe1000 	C:\WINDOWS\SYSTEM32\DBGHELP.DLL
0x00007ffc406c0000 - 0x00007ffc406f4000 	C:\WINDOWS\SYSTEM32\dbgcore.DLL
0x00007ffc65030000 - 0x00007ffc650b2000 	C:\WINDOWS\System32\bcryptPrimitives.dll
0x00007ffc5e080000 - 0x00007ffc5e08e000 	C:\Program Files\Android\Android Studio\jbr\bin\instrument.dll
0x00007ffc4ba50000 - 0x00007ffc4ba70000 	C:\Program Files\Android\Android Studio\jbr\bin\java.dll
0x00007ffc415a0000 - 0x00007ffc415b8000 	C:\Program Files\Android\Android Studio\jbr\bin\zip.dll
0x00007ffc65ad0000 - 0x00007ffc66240000 	C:\WINDOWS\System32\SHELL32.dll
0x00007ffc62620000 - 0x00007ffc62dc5000 	C:\WINDOWS\SYSTEM32\windows.storage.dll
0x00007ffc66c60000 - 0x00007ffc66fb4000 	C:\WINDOWS\System32\combase.dll
0x00007ffc64230000 - 0x00007ffc6425b000 	C:\WINDOWS\SYSTEM32\Wldp.dll
0x00007ffc66a30000 - 0x00007ffc66afd000 	C:\WINDOWS\System32\OLEAUT32.dll
0x00007ffc66bb0000 - 0x00007ffc66c5d000 	C:\WINDOWS\System32\SHCORE.dll
0x00007ffc65290000 - 0x00007ffc652eb000 	C:\WINDOWS\System32\shlwapi.dll
0x00007ffc64830000 - 0x00007ffc64854000 	C:\WINDOWS\SYSTEM32\profapi.dll
0x00007ffc5a070000 - 0x00007ffc5a080000 	C:\Program Files\Android\Android Studio\jbr\bin\net.dll
0x00007ffc5b0c0000 - 0x00007ffc5b1ca000 	C:\WINDOWS\SYSTEM32\WINHTTP.dll
0x00007ffc63f50000 - 0x00007ffc63fba000 	C:\WINDOWS\system32\mswsock.dll
0x00007ffc41500000 - 0x00007ffc41516000 	C:\Program Files\Android\Android Studio\jbr\bin\nio.dll
0x00007ffc47ea0000 - 0x00007ffc47eb0000 	C:\Program Files\Android\Android Studio\jbr\bin\verify.dll
0x00007ffc5a080000 - 0x00007ffc5a0a7000 	C:\Users\Edgardo\.gradle\native\660c5614fbf4a5f2a75b1949f50a0caf5cd603558e7d8a26e50b933a0cfb79d1\windows-amd64\native-platform.dll
0x00007ffc40da0000 - 0x00007ffc40e17000 	C:\Users\Edgardo\.gradle\native\0.2.8\x86_64-windows-gnu\gradle-fileevents.dll
0x00007ffc4ba20000 - 0x00007ffc4ba29000 	C:\Program Files\Android\Android Studio\jbr\bin\management.dll
0x00007ffc4b820000 - 0x00007ffc4b82b000 	C:\Program Files\Android\Android Studio\jbr\bin\management_ext.dll
0x00007ffc67220000 - 0x00007ffc67228000 	C:\WINDOWS\System32\PSAPI.DLL
0x00007ffc63c50000 - 0x00007ffc63c8b000 	C:\WINDOWS\SYSTEM32\IPHLPAPI.DLL
0x00007ffc66530000 - 0x00007ffc66538000 	C:\WINDOWS\System32\NSI.dll
0x00007ffc4ba40000 - 0x00007ffc4ba49000 	C:\Program Files\Android\Android Studio\jbr\bin\extnet.dll
0x00007ffc64130000 - 0x00007ffc64148000 	C:\WINDOWS\SYSTEM32\CRYPTSP.dll
0x00007ffc63890000 - 0x00007ffc638c8000 	C:\WINDOWS\system32\rsaenh.dll
0x00007ffc647b0000 - 0x00007ffc647de000 	C:\WINDOWS\SYSTEM32\USERENV.dll
0x00007ffc640f0000 - 0x00007ffc640fc000 	C:\WINDOWS\SYSTEM32\CRYPTBASE.dll
0x00007ffc4b9b0000 - 0x00007ffc4b9b7000 	C:\WINDOWS\system32\wshunix.dll
0x00007ffc63c90000 - 0x00007ffc63d5a000 	C:\WINDOWS\SYSTEM32\DNSAPI.dll
0x00000000666f0000 - 0x0000000066716000 	C:\Program Files\Bonjour\mdnsNSP.dll
0x00007ffc5a190000 - 0x00007ffc5a19a000 	C:\Windows\System32\rasadhlp.dll
0x00007ffc57fa0000 - 0x00007ffc58020000 	C:\WINDOWS\System32\fwpuclnt.dll

JVMTI agents:
C:\Users\Edgardo\.gradle\wrapper\dists\gradle-9.3.1-bin\23ovyewtku6u96viwx3xl3oks\gradle-9.3.1\lib\agents\gradle-instrumentation-agent-9.3.1.jar path:C:\Program Files\Android\Android Studio\jbr\bin\instrument.dll, loaded, initialized, instrumentlib options:none

dbghelp: loaded successfully - version: 4.0.5 - missing functions: none
symbol engine: initialized successfully - sym options: 0x614 - pdb path: .;C:\Program Files\Android\Android Studio\jbr\bin;C:\WINDOWS\SYSTEM32;C:\WINDOWS\WinSxS\amd64_microsoft.windows.common-controls_6595b64144ccf1df_6.0.19041.6456_none_60b8a6cb71f64256;C:\Program Files\Android\Android Studio\jbr\bin\server;C:\Users\Edgardo\.gradle\native\660c5614fbf4a5f2a75b1949f50a0caf5cd603558e7d8a26e50b933a0cfb79d1\windows-amd64;C:\Users\Edgardo\.gradle\native\0.2.8\x86_64-windows-gnu;C:\Program Files\Bonjour

VM Arguments:
jvm_args: --add-opens=java.base/java.lang=ALL-UNNAMED --add-opens=java.base/java.lang.invoke=ALL-UNNAMED --add-opens=java.base/java.util=ALL-UNNAMED --add-opens=java.prefs/java.util.prefs=ALL-UNNAMED --add-exports=jdk.compiler/com.sun.tools.javac.api=ALL-UNNAMED --add-exports=jdk.compiler/com.sun.tools.javac.util=ALL-UNNAMED --add-opens=java.base/java.util=ALL-UNNAMED --add-opens=java.prefs/java.util.prefs=ALL-UNNAMED --add-opens=java.base/java.nio.charset=ALL-UNNAMED --add-opens=java.base/java.net=ALL-UNNAMED --add-opens=java.base/java.util.concurrent=ALL-UNNAMED --add-opens=java.base/java.util.concurrent.atomic=ALL-UNNAMED --add-opens=java.xml/javax.xml.namespace=ALL-UNNAMED --add-opens=java.base/java.time=ALL-UNNAMED -Xmx2048m -Dfile.encoding=UTF-8 -Duser.country=MX -Duser.language=es -Duser.variant -javaagent:C:\Users\Edgardo\.gradle\wrapper\dists\gradle-9.3.1-bin\23ovyewtku6u96viwx3xl3oks\gradle-9.3.1\lib\agents\gradle-instrumentation-agent-9.3.1.jar 
java_command: org.gradle.launcher.daemon.bootstrap.GradleDaemon 9.3.1
java_class_path (initial): C:\Users\Edgardo\.gradle\wrapper\dists\gradle-9.3.1-bin\23ovyewtku6u96viwx3xl3oks\gradle-9.3.1\lib\gradle-daemon-main-9.3.1.jar
Launcher Type: SUN_STANDARD

[Global flags]
     intx CICompilerCount                          = 4                                         {product} {ergonomic}
     uint ConcGCThreads                            = 2                                         {product} {ergonomic}
     uint G1ConcRefinementThreads                  = 8                                         {product} {ergonomic}
   size_t G1HeapRegionSize                         = 1048576                                   {product} {ergonomic}
    uintx GCDrainStackTargetSize                   = 64                                        {product} {ergonomic}
   size_t InitialHeapSize                          = 335544320                                 {product} {ergonomic}
   size_t MarkStackSize                            = 4194304                                   {product} {ergonomic}
   size_t MaxHeapSize                              = 2147483648                                {product} {command line}
   size_t MaxNewSize                               = 1287651328                                {product} {ergonomic}
   size_t MinHeapDeltaBytes                        = 1048576                                   {product} {ergonomic}
   size_t MinHeapSize                              = 8388608                                   {product} {ergonomic}
    uintx NonNMethodCodeHeapSize                   = 5839372                                {pd product} {ergonomic}
    uintx NonProfiledCodeHeapSize                  = 122909434                              {pd product} {ergonomic}
    uintx ProfiledCodeHeapSize                     = 122909434                              {pd product} {ergonomic}
    uintx ReservedCodeCacheSize                    = 251658240                              {pd product} {ergonomic}
     bool SegmentedCodeCache                       = true                                      {product} {ergonomic}
   size_t SoftMaxHeapSize                          = 2147483648                             {manageable} {ergonomic}
     bool UseCompressedOops                        = true                           {product lp64_product} {ergonomic}
     bool UseG1GC                                  = true                                      {product} {ergonomic}
     bool UseLargePagesIndividualAllocation        = false                                  {pd product} {ergonomic}

Logging:
Log output configuration:
 #0: stdout all=warning uptime,level,tags foldmultilines=false
 #1: stderr all=off uptime,level,tags foldmultilines=false

Release file:
JAVA_VERSION="21.0.9" 
MODULES="java.base java.compiler java.datatransfer java.xml java.prefs java.desktop java.instrument java.logging java.management java.security.sasl java.naming java.rmi java.management.rmi java.net.http java.scripting java.security.jgss java.transaction.xa java.sql java.sql.rowset java.xml.crypto java.se java.smartcardio jdk.accessibility jdk.internal.jvmstat jdk.attach jdk.charsets jdk.internal.opt jdk.zipfs jdk.compiler jdk.crypto.ec jdk.crypto.cryptoki jdk.dynalink jdk.hotspot.agent jdk.httpserver jdk.internal.ed jdk.internal.le jdk.internal.vm.ci jdk.jartool jdk.javadoc jdk.jcmd jdk.jdeps jdk.jdwp.agent jdk.jdi jdk.jfr jdk.jlink jdk.jsobject jdk.localedata jdk.management jdk.management.agent jdk.management.jfr jdk.naming.dns jdk.naming.rmi jdk.net jdk.sctp jdk.security.auth jdk.security.jgss jdk.unsupported jdk.unsupported.desktop jdk.xml.dom" 
IMPLEMENTOR="JetBrains s.r.o." 
JAVA_RUNTIME_VERSION="21.0.9+-14787801-b1163.94" 
LIBC="default" 
OS_ARCH="x86_64" 
OS_NAME="Windows" 
SOURCE=".:git:0c757ddc9f2f" 

Environment Variables:
PATH=C:\Program Files\Common Files\Oracle\Java\javapath;C:\Python312\Scripts\;C:\Python312\;C:\Program Files (x86)\Common Files\Oracle\Java\java8path;C:\Program Files (x86)\Common Files\Oracle\Java\javapath;C:\WINDOWS\system32;C:\WINDOWS;C:\WINDOWS\System32\Wbem;C:\WINDOWS\System32\WindowsPowerShell\v1.0\;C:\WINDOWS\System32\OpenSSH\;C:\Program Files\MATLAB\R2023b\bin;C:\Program Files\Microsoft SQL Server\150\Tools\Binn\;C:\Program Files\Microsoft SQL Server\Client SDK\ODBC\170\Tools\Binn\;C:\Program Files\dotnet\;C:\Program Files\nodejs\;C:\ProgramData\chocolatey\bin;C:\Program Files\Git\cmd;C:\Program Files\Git;C:\Program Files\MySQL\MySQL Server 8.0\bin;;C:\Program Files\Docker\Docker\resources\bin;C:\Program Files\MySQL\MySQL Shell 8.0\bin\;C:\Users\Edgardo\AppData\Local\Microsoft\WindowsApps;C:\Users\Edgardo\.dotnet\tools;C:\Users\Edgardo\AppData\Local\Programs\Microsoft VS Code\bin;C:\Users\Edgardo\AppData\Roaming\npm;C:\Users\Edgardo\AppData\Local\Programs\Julia-1.11.6\bin;
USERNAME=Edgardo
OS=Windows_NT
PROCESSOR_IDENTIFIER=Intel64 Family 6 Model 142 Stepping 10, GenuineIntel
TMP=C:\Users\Edgardo\AppData\Local\Temp
TEMP=C:\Users\Edgardo\AppData\Local\Temp




Periodic native trim disabled

JNI global refs:
JNI global refs: 29, weak refs: 2

JNI global refs memory usage: 835, weak refs: 833

Process memory usage:
Resident Set Size: 819116K (3% of 20874468K total physical memory with 1140716K free physical memory)

OOME stack traces (most recent first):
Classloader memory used:
Loader org.gradle.internal.classloader.VisitableURLClassLoader                         : 107M
Loader bootstrap                                                                       : 30075K
Loader org.gradle.internal.classloader.VisitableURLClassLoader$InstrumentingVisitableURLClassLoader: 17606K
Loader org.gradle.initialization.MixInLegacyTypesClassLoader                           : 12146K
Loader org.gradle.internal.classloader.VisitableURLClassLoader                         : 1288K
Loader jdk.internal.loader.ClassLoaders$PlatformClassLoader                            : 558K
Loader jdk.internal.reflect.DelegatingClassLoader                                      : 356K
Loader jdk.internal.jrtfs.JrtFileSystemProvider$JrtFsLoader                            : 340K
Loader jdk.internal.loader.ClassLoaders$AppClassLoader                                 : 229K
Loader org.gradle.groovy.scripts.internal.DefaultScriptCompilationHandler$ScriptClassLoader: 92640B

Classes loaded by more than one classloader:
Class Program                                                                         : loaded 5 times (x 72B)
Class Build_gradle                                                                    : loaded 3 times (x 126B)
Class com.google.common.collect.PeekingIterator                                       : loaded 3 times (x 70B)
Class com.google.common.base.Preconditions                                            : loaded 3 times (x 71B)
Class org.gradle.internal.IoActions                                                   : loaded 3 times (x 71B)
Class org.gradle.api.GradleException                                                  : loaded 3 times (x 82B)
Class org.gradle.api.Action                                                           : loaded 3 times (x 70B)
Class org.gradle.internal.Cast                                                        : loaded 3 times (x 71B)
Class com.google.common.collect.Iterators$9                                           : loaded 3 times (x 81B)
Class com.google.common.collect.Lists                                                 : loaded 3 times (x 71B)
Class com.google.common.collect.ImmutableCollection                                   : loaded 3 times (x 125B)
Class com.google.common.collect.Iterators$5                                           : loaded 3 times (x 82B)
Class com.google.common.collect.Iterators$4                                           : loaded 3 times (x 82B)
Class com.google.common.collect.Iterators$1                                           : loaded 3 times (x 81B)
Class com.google.common.collect.Iterators$MergingIterator                             : loaded 3 times (x 81B)
Class com.google.common.collect.AbstractIndexedListIterator                           : loaded 3 times (x 96B)
Class com.google.common.collect.AbstractIterator                                      : loaded 3 times (x 82B)
Class com.google.common.collect.Lists$StringAsImmutableList                           : loaded 3 times (x 207B)
Class com.google.common.collect.UnmodifiableListIterator                              : loaded 3 times (x 95B)
Class com.google.common.collect.Iterators                                             : loaded 3 times (x 71B)
Class com.google.common.collect.Iterators$SingletonIterator                           : loaded 3 times (x 81B)
Class com.google.common.collect.UnmodifiableIterator                                  : loaded 3 times (x 80B)
Class com.google.common.collect.Iterators$ArrayItr                                    : loaded 3 times (x 97B)
Class com.google.common.collect.ImmutableList                                         : loaded 3 times (x 206B)
Class kotlin.collections.AbstractList$Companion                                       : loaded 2 times (x 71B)
Class org.gradle.internal.classloader.ClassLoaderVisitor                              : loaded 2 times (x 76B)
Class [Lcom.google.common.collect.ImmutableMapEntry;                                  : loaded 2 times (x 69B)
Class org.gradle.api.internal.classpath.EffectiveClassPath                            : loaded 2 times (x 90B)
Class com.google.common.collect.ListMultimap                                          : loaded 2 times (x 70B)
Class com.google.common.collect.ImmutableEnumMap                                      : loaded 2 times (x 126B)
Class org.gradle.tooling.internal.gradle.DefaultProjectIdentifier                     : loaded 2 times (x 86B)
Class com.google.common.collect.Sets$1                                                : loaded 2 times (x 139B)
Class org.objectweb.asm.AnnotationVisitor                                             : loaded 2 times (x 78B)
Class org.gradle.api.internal.DefaultClassPathProvider                                : loaded 2 times (x 76B)
Class com.google.common.collect.Sets$2                                                : loaded 2 times (x 139B)
Class [Lorg.gradle.api.internal.ClassPathProvider;                                    : loaded 2 times (x 69B)
Class org.gradle.api.internal.ClassPathProvider                                       : loaded 2 times (x 70B)
Class [Lorg.objectweb.asm.AnnotationVisitor;                                          : loaded 2 times (x 69B)
Class com.google.common.collect.Sets$3                                                : loaded 2 times (x 139B)
Class com.google.common.cache.LocalCache$LocalLoadingCache                            : loaded 2 times (x 134B)
Class org.gradle.internal.service.UnknownServiceException                             : loaded 2 times (x 83B)
Class com.google.common.collect.Sets$4                                                : loaded 2 times (x 139B)
Class org.objectweb.asm.ModuleVisitor                                                 : loaded 2 times (x 81B)
Class com.google.common.cache.LocalCache$Strength$1                                   : loaded 2 times (x 81B)
Class com.google.common.util.concurrent.SettableFuture                                : loaded 2 times (x 114B)
Class com.google.common.cache.LocalCache$Strength$2                                   : loaded 2 times (x 81B)
Class com.google.common.cache.LocalCache$Strength$3                                   : loaded 2 times (x 81B)
Class com.google.common.collect.MapDifference                                         : loaded 2 times (x 70B)
Class org.objectweb.asm.FieldWriter                                                   : loaded 2 times (x 78B)
Class com.google.common.cache.CacheBuilder$NullListener                               : loaded 2 times (x 82B)
Class org.gradle.internal.classpath.TransformedClassPath                              : loaded 2 times (x 96B)
Class org.gradle.internal.classloader.InstrumentingClassLoader                        : loaded 2 times (x 70B)
Class com.google.common.cache.CacheLoader$FunctionToCacheLoader                       : loaded 2 times (x 75B)
Class com.google.common.base.Suppliers                                                : loaded 2 times (x 71B)
Class com.google.common.collect.ImmutableCollection$Builder                           : loaded 2 times (x 76B)
Class kotlin.enums.EnumEntriesList                                                    : loaded 2 times (x 223B)
Class com.google.common.base.Joiner                                                   : loaded 2 times (x 79B)
Class com.google.common.base.MoreObjects                                              : loaded 2 times (x 71B)
Class com.google.common.collect.Platform                                              : loaded 2 times (x 71B)
Class [Lorg.objectweb.asm.Type;                                                       : loaded 2 times (x 69B)
Class [Lcom.google.common.cache.CacheBuilder$OneWeigher;                              : loaded 2 times (x 69B)
Class org.gradle.internal.service.ServiceLocator                                      : loaded 2 times (x 70B)
Class jdk.internal.jrtfs.JrtFileSystemProvider                                        : loaded 2 times (x 101B)
Class com.google.common.base.Ascii                                                    : loaded 2 times (x 71B)
Class com.google.common.collect.SingletonImmutableBiMap                               : loaded 2 times (x 143B)
Class com.google.common.cache.LocalCache$1                                            : loaded 2 times (x 89B)
Class org.objectweb.asm.MethodTooLargeException                                       : loaded 2 times (x 83B)
Class com.google.common.collect.AbstractMapEntry                                      : loaded 2 times (x 81B)
Class com.intellij.gradle.toolingExtension.util.GradleVersionUtil                     : loaded 2 times (x 71B)
Class ijInit1_7a8yyav5xx7hdxi525kx7af8q                                               : loaded 2 times (x 171B)
Class org.gradle.tooling.model.UnsupportedMethodException                             : loaded 2 times (x 82B)
Class com.google.common.collect.ImmutableList$Builder                                 : loaded 2 times (x 77B)
Class com.google.common.collect.AbstractMultimap                                      : loaded 2 times (x 123B)
Class com.google.common.cache.LocalCache$2                                            : loaded 2 times (x 142B)
Class com.google.common.collect.RegularImmutableAsList                                : loaded 2 times (x 217B)
Class com.google.common.util.concurrent.AbstractFuture$Trusted                        : loaded 2 times (x 70B)
Class org.gradle.internal.operations.MultipleBuildOperationFailures                   : loaded 2 times (x 95B)
Class org.gradle.kotlin.dsl.VersionCatalogAccessorsKt                                 : loaded 2 times (x 71B)
Class jdk.internal.jimage.ImageLocation                                               : loaded 2 times (x 90B)
Class org.objectweb.asm.ClassVisitor                                                  : loaded 2 times (x 88B)
Class com.google.common.util.concurrent.UncheckedExecutionException                   : loaded 2 times (x 82B)
Class jdk.internal.jimage.ImageBufferCache$1                                          : loaded 2 times (x 83B)
Class com.google.common.base.CharMatcher$And                                          : loaded 2 times (x 112B)
Class org.objectweb.asm.ClassWriter                                                   : loaded 2 times (x 106B)
Class com.google.common.cache.CacheLoader$UnsupportedLoadingOperationException        : loaded 2 times (x 82B)
Class org.gradle.internal.time.DefaultTimer                                           : loaded 2 times (x 80B)
Class org.gradle.internal.classloader.ClasspathUtil$1                                 : loaded 2 times (x 76B)
Class jdk.internal.jimage.ImageBufferCache$2                                          : loaded 2 times (x 91B)
Class org.objectweb.asm.FieldVisitor                                                  : loaded 2 times (x 77B)
Class com.google.common.collect.IndexedImmutableSet                                   : loaded 2 times (x 152B)
Class com.google.common.collect.ImmutableMap$1                                        : loaded 2 times (x 81B)
Class com.google.common.collect.BiMap                                                 : loaded 2 times (x 70B)
Class org.gradle.api.internal.classpath.DefaultModuleRegistry$DefaultModule           : loaded 2 times (x 86B)
Class com.google.common.primitives.Ints                                               : loaded 2 times (x 71B)
Class [Lorg.objectweb.asm.Symbol;                                                     : loaded 2 times (x 69B)
Class com.google.common.collect.ObjectArrays                                          : loaded 2 times (x 71B)
Class com.google.common.math.MathPreconditions                                        : loaded 2 times (x 71B)
Class com.google.common.collect.Multiset                                              : loaded 2 times (x 70B)
Class com.google.common.collect.ArrayListMultimapGwtSerializationDependencies         : loaded 2 times (x 172B)
Class jdk.internal.jimage.decompressor.StringSharingDecompressorFactory               : loaded 2 times (x 74B)
Class org.gradle.internal.time.DefaultCountdownTimer                                  : loaded 2 times (x 88B)
Class com.google.common.collect.ImmutableMapEntrySet                                  : loaded 2 times (x 152B)
Class org.gradle.tooling.internal.gradle.DefaultBuildIdentifier                       : loaded 2 times (x 79B)
Class org.gradle.api.internal.classpath.Module                                        : loaded 2 times (x 70B)
Class com.google.common.cache.Weigher                                                 : loaded 2 times (x 70B)
Class org.gradle.api.internal.classpath.UnknownModuleException                        : loaded 2 times (x 82B)
Class jdk.internal.jimage.ImageHeader                                                 : loaded 2 times (x 71B)
Class com.google.common.base.Stopwatch                                                : loaded 2 times (x 72B)
Class com.google.common.cache.LocalCache$Strength                                     : loaded 2 times (x 81B)
Class com.google.common.cache.Cache                                                   : loaded 2 times (x 70B)
Class com.google.common.util.concurrent.AbstractFuture$Cancellation                   : loaded 2 times (x 72B)
Class com.google.common.collect.ImmutableMap$Builder                                  : loaded 2 times (x 82B)
Class com.google.common.cache.RemovalListener                                         : loaded 2 times (x 70B)
Class org.gradle.tooling.internal.gradle.GradleProjectIdentity                        : loaded 2 times (x 70B)
Class org.gradle.api.internal.DefaultClassPathRegistry                                : loaded 2 times (x 76B)
Class com.google.common.primitives.IntsMethodsForWeb                                  : loaded 2 times (x 71B)
Class com.google.common.collect.Multimap                                              : loaded 2 times (x 70B)
Class org.gradle.api.internal.ClassPathRegistry                                       : loaded 2 times (x 70B)
Class org.gradle.internal.classpath.DefaultClassPath$ImmutableUniqueList              : loaded 2 times (x 199B)
Class jdk.internal.jimage.decompressor.ResourceDecompressor                           : loaded 2 times (x 70B)
Class com.google.common.collect.ImmutableMap$MapViewOfValuesAsSingletonSets           : loaded 2 times (x 126B)
Class com.google.common.cache.CacheBuilder                                            : loaded 2 times (x 72B)
Class com.google.common.collect.SingletonImmutableList                                : loaded 2 times (x 207B)
Class Settings_gradle$1                                                               : loaded 2 times (x 75B)
Class org.gradle.internal.classpath.ClassPath                                         : loaded 2 times (x 70B)
Class com.google.common.collect.ImmutableList$ReverseImmutableList                    : loaded 2 times (x 209B)
Class org.objectweb.asm.SymbolTable$Entry                                             : loaded 2 times (x 74B)
Class jdk.internal.jimage.ImageStringsReader                                          : loaded 2 times (x 80B)
Class org.objectweb.asm.Edge                                                          : loaded 2 times (x 72B)
Class com.google.common.base.Suppliers$SupplierOfInstance                             : loaded 2 times (x 79B)
Class com.google.common.collect.RegularImmutableMap                                   : loaded 2 times (x 121B)
Class org.gradle.tooling.model.Model                                                  : loaded 2 times (x 70B)
Class com.google.common.cache.LocalCache$ComputingValueReference                      : loaded 2 times (x 96B)
Class com.google.common.collect.SingletonImmutableSet                                 : loaded 2 times (x 146B)
Class com.google.common.collect.ImmutableMap$IteratorBasedImmutableMap                : loaded 2 times (x 126B)
Class kotlin.UninitializedPropertyAccessException                                     : loaded 2 times (x 82B)
Class jdk.internal.jimage.ImageReader                                                 : loaded 2 times (x 75B)
Class com.google.common.cache.LocalCache$Segment                                      : loaded 2 times (x 154B)
Class jdk.internal.jimage.ImageReader$SharedImageReader                               : loaded 2 times (x 95B)
Class com.google.common.collect.AbstractListMultimap                                  : loaded 2 times (x 172B)
Class [Lorg.objectweb.asm.SymbolTable$Entry;                                          : loaded 2 times (x 69B)
Class com.google.common.cache.CacheLoader                                             : loaded 2 times (x 74B)
Class org.gradle.api.internal.classpath.ManifestUtil                                  : loaded 2 times (x 71B)
Class com.google.common.collect.ImmutableBiMap                                        : loaded 2 times (x 143B)
Class org.gradle.api.internal.classpath.ModuleRegistry                                : loaded 2 times (x 70B)
Class org.gradle.internal.installation.GradleInstallation$1                           : loaded 2 times (x 75B)
Class jdk.internal.jimage.decompressor.ResourceDecompressorFactory                    : loaded 2 times (x 74B)
Class com.google.common.collect.ImmutableSet$JdkBackedSetBuilderImpl                  : loaded 2 times (x 76B)
Class com.google.common.util.concurrent.internal.InternalFutureFailureAccess          : loaded 2 times (x 72B)
Class sync_studio_tooling_8abt3xm00zmygst8g2ixhe2o9                                   : loaded 2 times (x 171B)
Class com.google.common.base.CharMatcher$ForPredicate                                 : loaded 2 times (x 112B)
Class com.google.common.cache.LocalCache$LocalManualCache$1                           : loaded 2 times (x 75B)
Class jdk.internal.jimage.ImageReader$Node                                            : loaded 2 times (x 84B)
Class com.google.common.base.CharMatcher$AnyOf                                        : loaded 2 times (x 112B)
Class com.google.common.collect.ImmutableList$1                                       : loaded 2 times (x 97B)
Class org.gradle.api.internal.classpath.DefaultModuleRegistry                         : loaded 2 times (x 86B)
Class jdk.internal.jimage.BasicImageReader$1                                          : loaded 2 times (x 77B)
Class com.google.common.util.concurrent.ExecutionError                                : loaded 2 times (x 82B)
Class com.google.common.util.concurrent.ListenableFuture                              : loaded 2 times (x 70B)
Class com.google.common.cache.ReferenceEntry                                          : loaded 2 times (x 70B)
Class com.google.common.base.Converter                                                : loaded 2 times (x 90B)
Class com.google.common.collect.ImmutableSet$CachingAsList                            : loaded 2 times (x 148B)
Class com.google.common.collect.AbstractMapBasedMultimap                              : loaded 2 times (x 139B)
Class com.google.common.util.concurrent.AbstractFuture                                : loaded 2 times (x 106B)
Class com.google.common.base.FunctionalEquivalence                                    : loaded 2 times (x 83B)
Class com.google.common.collect.ImmutableEnumSet                                      : loaded 2 times (x 146B)
Class com.google.common.collect.ImmutableAsList                                       : loaded 2 times (x 209B)
Class org.objectweb.asm.RecordComponentVisitor                                        : loaded 2 times (x 77B)
Class com.google.common.cache.CacheLoader$SupplierToCacheLoader                       : loaded 2 times (x 75B)
Class jdk.internal.jimage.decompressor.Decompressor                                   : loaded 2 times (x 72B)
Class org.gradle.internal.time.MonotonicClock                                         : loaded 2 times (x 77B)
Class org.gradle.internal.service.ServiceLookupException                              : loaded 2 times (x 82B)
Class [Lcom.google.common.cache.LocalCache$EntryFactory;                              : loaded 2 times (x 69B)
Class org.gradle.internal.classloader.ClassLoaderFactory                              : loaded 2 times (x 70B)
Class com.google.common.base.CharMatcher$IsNot                                        : loaded 2 times (x 111B)
Class com.google.common.cache.LocalCache$LocalManualCache                             : loaded 2 times (x 99B)
Class org.gradle.internal.service.CachingServiceLocator                               : loaded 2 times (x 82B)
Class com.google.common.math.IntMath                                                  : loaded 2 times (x 71B)
Class com.google.common.collect.ImmutableMapEntry                                     : loaded 2 times (x 85B)
Class org.gradle.internal.time.TimeSource                                             : loaded 2 times (x 70B)
Class com.google.common.base.Equivalence                                              : loaded 2 times (x 82B)
Class com.google.common.base.Function                                                 : loaded 2 times (x 70B)
Class com.google.common.collect.ImmutableMapEntry$NonTerminalImmutableMapEntry        : loaded 2 times (x 85B)
Class org.gradle.tooling.internal.gradle.GradleBuildIdentity                          : loaded 2 times (x 70B)
Class kotlin.enums.EnumEntries                                                        : loaded 2 times (x 70B)
Class com.google.common.cache.CacheBuilder$OneWeigher                                 : loaded 2 times (x 82B)
Class com.google.common.collect.RegularImmutableList                                  : loaded 2 times (x 213B)
Class org.gradle.internal.exceptions.ResolutionProvider                               : loaded 2 times (x 70B)
Class jdk.internal.jimage.ImageBufferCache                                            : loaded 2 times (x 71B)
Class jdk.internal.jrtfs.JrtPath                                                      : loaded 2 times (x 118B)
Class org.gradle.tooling.model.ProjectIdentifier                                      : loaded 2 times (x 70B)
Class org.gradle.internal.classloader.ClasspathUtil                                   : loaded 2 times (x 71B)
Class com.google.common.util.concurrent.Uninterruptibles                              : loaded 2 times (x 71B)
Class org.jetbrains.kotlin.tooling.core.HasExtras                                     : loaded 2 times (x 70B)
Class com.google.common.util.concurrent.LazyLogger                                    : loaded 2 times (x 72B)
Class com.google.common.collect.Maps                                                  : loaded 2 times (x 71B)
Class org.gradle.internal.time.TimeSource$1                                           : loaded 2 times (x 77B)
Class kotlin.jvm.internal.DefaultConstructorMarker                                    : loaded 2 times (x 71B)
Class org.gradle.api.specs.Spec                                                       : loaded 2 times (x 70B)
Class [Lcom.google.common.collect.ImmutableEntry;                                     : loaded 2 times (x 69B)
Class com.google.common.cache.LocalCache$LoadingValueReference                        : loaded 2 times (x 96B)
Class jdk.internal.jimage.decompressor.ResourceDecompressorRepository                 : loaded 2 times (x 71B)
Class com.intellij.gradle.toolingExtension.impl.model.utilDummyModel.DummyModel       : loaded 2 times (x 70B)
Class org.gradle.internal.time.Clock                                                  : loaded 2 times (x 70B)
Class jdk.internal.jimage.ImageReader$Directory                                       : loaded 2 times (x 84B)
Class [Lorg.objectweb.asm.AnnotationWriter;                                           : loaded 2 times (x 69B)
Class com.google.common.collect.Maps$8                                                : loaded 2 times (x 82B)
Class kotlin.collections.AbstractList                                                 : loaded 2 times (x 197B)
Class kotlin.collections.AbstractCollection                                           : loaded 2 times (x 117B)
Class com.google.common.collect.Sets$SetView                                          : loaded 2 times (x 138B)
Class com.google.common.cache.LocalCache$StrongValueReference                         : loaded 2 times (x 90B)
Class org.jetbrains.kotlin.tooling.core.Extras                                        : loaded 2 times (x 70B)
Class org.objectweb.asm.Type                                                          : loaded 2 times (x 72B)
Class org.gradle.internal.classloader.VisitableURLClassLoader$InstrumentingVisitableURLClassLoader: loaded 2 times (x 123B)
Class com.google.common.math.IntMath$1                                                : loaded 2 times (x 71B)
Class org.objectweb.asm.ByteVector                                                    : loaded 2 times (x 79B)
Class [Lcom.google.common.cache.CacheBuilder$NullListener;                            : loaded 2 times (x 69B)
Class org.gradle.internal.classloader.VisitableURLClassLoader$Spec                    : loaded 2 times (x 74B)
Class org.gradle.internal.classpath.DefaultClassPath                                  : loaded 2 times (x 90B)
Class jdk.internal.jimage.decompressor.ZipDecompressorFactory                         : loaded 2 times (x 74B)
Class org.objectweb.asm.Symbol                                                        : loaded 2 times (x 73B)
Class org.gradle.util.internal.DefaultGradleVersion                                   : loaded 2 times (x 82B)
Class com.google.common.base.CharMatcher$BitSetMatcher                                : loaded 2 times (x 112B)
Class com.google.common.collect.RegularImmutableMap$Values                            : loaded 2 times (x 207B)
Class com.google.common.collect.ImmutableSet                                          : loaded 2 times (x 145B)
Class org.gradle.internal.classloader.ClassLoaderSpec                                 : loaded 2 times (x 71B)
Class org.objectweb.asm.AnnotationWriter                                              : loaded 2 times (x 79B)
Class com.google.common.cache.CacheStats                                              : loaded 2 times (x 71B)
Class com.google.common.base.CharMatcher$Or                                           : loaded 2 times (x 112B)
Class org.objectweb.asm.RecordComponentWriter                                         : loaded 2 times (x 78B)
Class com.google.common.util.concurrent.AbstractFuture$Listener                       : loaded 2 times (x 72B)
Class Settings_gradle$1$1                                                             : loaded 2 times (x 75B)
Class org.objectweb.asm.Attribute                                                     : loaded 2 times (x 77B)
Class com.google.common.base.Supplier                                                 : loaded 2 times (x 70B)
Class org.gradle.internal.classloader.VisitableURLClassLoader                         : loaded 2 times (x 117B)
Class Settings_gradle                                                                 : loaded 2 times (x 124B)
Class org.gradle.internal.classloader.ClassLoaderHierarchy                            : loaded 2 times (x 70B)
Class com.google.common.base.CharMatcher$IsEither                                     : loaded 2 times (x 111B)
Class jdk.internal.jimage.decompressor.ZipDecompressor                                : loaded 2 times (x 75B)
Class com.google.common.collect.Sets                                                  : loaded 2 times (x 71B)
Class org.objectweb.asm.Handler                                                       : loaded 2 times (x 72B)
Class com.google.common.base.CharMatcher$FastMatcher                                  : loaded 2 times (x 111B)
Class com.google.common.base.Ticker                                                   : loaded 2 times (x 72B)
Class ijInit1_7a8yyav5xx7hdxi525kx7af8q$_run_closure1                                 : loaded 2 times (x 140B)
Class [Lcom.google.common.cache.LocalCache$Segment;                                   : loaded 2 times (x 69B)
Class com.google.common.base.Predicate                                                : loaded 2 times (x 70B)
Class [Lcom.google.common.cache.LocalCache$Strength;                                  : loaded 2 times (x 69B)
Class com.google.common.cache.CacheBuilder$1                                          : loaded 2 times (x 85B)
Class com.google.common.collect.ImmutableMap                                          : loaded 2 times (x 120B)
Class org.gradle.internal.classpath.DefaultClassPath$ImmutableUniqueList$Builder      : loaded 2 times (x 75B)
Class com.google.common.base.CharMatcher$NegatedFastMatcher                           : loaded 2 times (x 113B)
Class com.google.common.cache.LocalCache                                              : loaded 2 times (x 187B)
Class com.google.common.cache.CacheBuilder$2                                          : loaded 2 times (x 79B)
Class com.google.common.collect.ArrayListMultimap                                     : loaded 2 times (x 172B)
Class com.google.common.cache.CacheBuilder$3                                          : loaded 2 times (x 72B)
Class [Lcom.google.common.collect.AbstractMapEntry;                                   : loaded 2 times (x 69B)
Class com.google.common.collect.ImmutableEntry                                        : loaded 2 times (x 82B)
Class jdk.internal.jimage.BasicImageReader                                            : loaded 2 times (x 95B)
Class org.gradle.internal.exceptions.NonGradleCauseExceptionsHolder                   : loaded 2 times (x 70B)
Class jdk.internal.jimage.ImageStrings                                                : loaded 2 times (x 70B)
Class com.google.common.collect.CollectPreconditions                                  : loaded 2 times (x 71B)
Class com.google.common.collect.SortedMapDifference                                   : loaded 2 times (x 70B)
Class com.google.common.cache.LocalCache$EntryFactory                                 : loaded 2 times (x 83B)
Class com.google.common.cache.LocalCache$AbstractReferenceEntry                       : loaded 2 times (x 107B)
Class org.jetbrains.kotlin.tooling.core.HasMutableExtras                              : loaded 2 times (x 70B)
Class org.gradle.internal.classloader.FilteringClassLoader                            : loaded 2 times (x 105B)
Class kotlin.enums.EnumEntriesKt                                                      : loaded 2 times (x 71B)
Class org.objectweb.asm.SymbolTable                                                   : loaded 2 times (x 72B)
Class com.google.common.cache.CacheLoader$InvalidCacheLoadException                   : loaded 2 times (x 82B)
Class com.google.common.collect.ImmutableSet$RegularSetBuilderImpl                    : loaded 2 times (x 77B)
Class org.gradle.internal.classloader.SystemClassLoaderSpec                           : loaded 2 times (x 71B)
Class com.google.common.cache.LocalCache$StrongEntry                                  : loaded 2 times (x 108B)
Class com.google.common.util.concurrent.AbstractFuture$TrustedFuture                  : loaded 2 times (x 114B)
Class com.google.common.cache.LoadingCache                                            : loaded 2 times (x 70B)
Class org.gradle.internal.exceptions.MultiCauseException                              : loaded 2 times (x 70B)
Class org.gradle.internal.time.CountdownTimer                                         : loaded 2 times (x 70B)
Class kotlin.jvm.internal.Intrinsics                                                  : loaded 2 times (x 71B)
Class jdk.internal.jrtfs.JrtFileSystem                                                : loaded 2 times (x 102B)
Class org.objectweb.asm.MethodWriter                                                  : loaded 2 times (x 106B)
Class [Lcom.google.common.cache.Weigher;                                              : loaded 2 times (x 69B)
Class com.google.common.collect.RegularImmutableMap$BucketOverflowException           : loaded 2 times (x 82B)
Class org.gradle.tooling.model.ProjectModel                                           : loaded 2 times (x 70B)
Class jdk.internal.jimage.decompressor.CompressedResourceHeader                       : loaded 2 times (x 71B)
Class sync_studio_tooling_8abt3xm00zmygst8g2ixhe2o9$_run_closure1                     : loaded 2 times (x 139B)
Class kotlin.KotlinNullPointerException                                               : loaded 2 times (x 83B)
Class com.google.common.base.CharMatcher$Negated                                      : loaded 2 times (x 113B)
Class com.google.common.base.CharMatcher$Is                                           : loaded 2 times (x 111B)
Class com.google.common.collect.RegularImmutableBiMap                                 : loaded 2 times (x 149B)
Class com.google.common.cache.LocalCache$ValueReference                               : loaded 2 times (x 70B)
Class org.gradle.internal.exceptions.DefaultMultiCauseException                       : loaded 2 times (x 95B)
Class com.google.common.util.concurrent.AbstractFuture$Failure                        : loaded 2 times (x 72B)
Class com.google.common.base.Equivalence$Equals                                       : loaded 2 times (x 82B)
Class com.google.common.collect.Hashing                                               : loaded 2 times (x 71B)
Class kotlin.NotImplementedError                                                      : loaded 2 times (x 82B)
Class com.google.common.base.Joiner$1                                                 : loaded 2 times (x 80B)
Class org.objectweb.asm.Label                                                         : loaded 2 times (x 73B)
Class org.objectweb.asm.CurrentFrame                                                  : loaded 2 times (x 73B)
Class com.google.common.base.CharMatcher                                              : loaded 2 times (x 111B)
Class org.objectweb.asm.ClassTooLargeException                                        : loaded 2 times (x 83B)
Class com.google.common.collect.RegularImmutableMap$KeySet                            : loaded 2 times (x 152B)
Class org.gradle.internal.time.Time                                                   : loaded 2 times (x 71B)
Class com.google.common.base.Joiner$2                                                 : loaded 2 times (x 79B)
Class org.objectweb.asm.Frame                                                         : loaded 2 times (x 73B)
Class com.google.common.base.CharMatcher$NamedFastMatcher                             : loaded 2 times (x 112B)
Class com.google.common.base.CharMatcher$1                                            : loaded 2 times (x 113B)
Class org.objectweb.asm.MethodVisitor                                                 : loaded 2 times (x 105B)
Class com.google.common.cache.LocalCache$EntryFactory$1                               : loaded 2 times (x 83B)
Class [Lcom.google.common.cache.RemovalListener;                                      : loaded 2 times (x 69B)
Class com.google.common.cache.LocalCache$EntryFactory$2                               : loaded 2 times (x 83B)
Class org.gradle.api.internal.classpath.GlobalCacheRootsProvider                      : loaded 2 times (x 70B)
Class org.objectweb.asm.ModuleWriter                                                  : loaded 2 times (x 82B)
Class com.google.common.cache.LocalCache$EntryFactory$3                               : loaded 2 times (x 83B)
Class com.google.common.base.Ticker$1                                                 : loaded 2 times (x 72B)
Class com.google.common.collect.Maps$BiMapConverter                                   : loaded 2 times (x 90B)
Class com.google.common.collect.ImmutableMapEntrySet$RegularEntrySet                  : loaded 2 times (x 152B)
Class org.gradle.tooling.model.BuildIdentifier                                        : loaded 2 times (x 70B)
Class kotlin.NoWhenBranchMatchedException                                             : loaded 2 times (x 82B)
Class com.google.common.collect.ImmutableSet$Builder                                  : loaded 2 times (x 85B)
Class com.google.common.base.CharMatcher$InRange                                      : loaded 2 times (x 111B)
Class com.google.common.cache.LocalCache$EntryFactory$4                               : loaded 2 times (x 83B)
Class Settings_gradle$1$1$1                                                           : loaded 2 times (x 75B)
Class com.google.common.cache.LocalCache$EntryFactory$5                               : loaded 2 times (x 83B)
Class com.google.common.base.Equivalence$Identity                                     : loaded 2 times (x 82B)
Class com.google.common.cache.LocalCache$EntryFactory$6                               : loaded 2 times (x 83B)
Class org.gradle.internal.time.Timer                                                  : loaded 2 times (x 70B)
Class kotlin.jvm.internal.markers.KMappedMarker                                       : loaded 2 times (x 70B)
Class org.gradle.internal.installation.CurrentGradleInstallationLocator               : loaded 2 times (x 71B)
Class com.google.common.collect.ImmutableSet$EmptySetBuilderImpl                      : loaded 2 times (x 76B)
Class com.google.common.cache.LocalCache$EntryFactory$7                               : loaded 2 times (x 83B)
Class org.gradle.internal.classloader.DefaultClassLoaderFactory                       : loaded 2 times (x 82B)
Class org.gradle.internal.service.DefaultServiceLocator                               : loaded 2 times (x 83B)
Class com.google.common.cache.LocalCache$EntryFactory$8                               : loaded 2 times (x 83B)
Class com.google.common.collect.ImmutableSet$SetBuilderImpl                           : loaded 2 times (x 76B)
Class org.gradle.util.GradleVersion                                                   : loaded 2 times (x 81B)
Class org.gradle.internal.installation.CurrentGradleInstallation                      : loaded 2 times (x 73B)
Class com.google.common.cache.CacheLoader$1                                           : loaded 2 times (x 75B)
Class com.google.common.collect.ImmutableList$SubList                                 : loaded 2 times (x 209B)
Class org.gradle.util.internal.GUtil                                                  : loaded 2 times (x 71B)
Class com.google.common.cache.AbstractCache$StatsCounter                              : loaded 2 times (x 70B)
Class com.google.common.base.PairwiseEquivalence                                      : loaded 2 times (x 83B)
Class com.google.common.collect.RegularImmutableSet                                   : loaded 2 times (x 149B)
Class org.gradle.internal.installation.GradleInstallation                             : loaded 2 times (x 75B)
Class jdk.internal.jimage.decompressor.ResourceDecompressor$StringsProvider           : loaded 2 times (x 70B)
Class com.google.common.collect.Iterables                                             : loaded 2 times (x 71B)

---------------  S Y S T E M  ---------------

OS:
 Windows 10 , 64 bit Build 19041 (10.0.19041.5915)
OS uptime: 16 days 14:21 hours
Hyper-V role detected

CPU: total 8 (initial active 8) (4 cores per cpu, 2 threads per core) family 6 model 142 stepping 10 microcode 0xb4, cx8, cmov, fxsr, ht, mmx, 3dnowpref, sse, sse2, sse3, ssse3, sse4.1, sse4.2, popcnt, lzcnt, tsc, tscinvbit, avx, avx2, aes, erms, clmul, bmi1, bmi2, adx, fma, vzeroupper, clflush, clflushopt, hv, rdtscp, f16c
Processor Information for the first 8 processors :
  Max Mhz: 2001, Current Mhz: 1700, Mhz Limit: 1680

Memory: 4k page, system-wide physical 20385M (1102M free)
TotalPageFile size 22293M (AvailPageFile size 6M)
current process WorkingSet (physical memory assigned to process): 806M, peak: 806M
current process commit charge ("private bytes"): 844M, peak: 846M

vm_info: OpenJDK 64-Bit Server VM (21.0.9+-14787801-b1163.94) for windows-amd64 JRE (21.0.9+-14787801-b1163.94), built on 2026-01-27T21:15:44Z by "builder" with MS VC++ 16.10 / 16.11 (VS2019)

END.
